JobID,JobName,User,Partition,State,AllocCPUS,Elapsed,MaxRSS,TotalCPU,ReqMem
391522,Q06S128s,dgoncalves,cpu2,CANCELLED by 383200393,4,00:00:00,,00:00:00,4096Mn
391523,Q06S128s,dgoncalves,cpu2,CANCELLED by 383200393,10,00:00:00,,00:00:00,11264Mn
391524,Q06S128s,dgoncalves,cpu2,FAILED,20,00:00:18,,00:02.731,22528Mn
391524.batch,batch,,,FAILED,20,00:00:18,0,00:00.341,22528Mn
391524.extern,extern,,,COMPLETED,20,00:00:18,0,00:00.001,22528Mn
391524.0,python,,,FAILED,20,00:00:17,0,00:02.389,22528Mn
391525,Q06S128s,dgoncalves,cpu2,CANCELLED by 383200393,30,00:00:00,,00:00:00,33792Mn
391526,Q06S128s,dgoncalves,cpu2,CANCELLED by 383200393,40,00:00:00,,00:00:00,46080Mn
391527,Q06S128s,dgoncalves,cpu2,CANCELLED by 383200393,80,00:00:00,,00:00:00,92160Mn
391657,TQ06S128s,dgoncalves,cpu2,CANCELLED by 383200393,4,00:00:00,,00:00:00,1190Mn
391658,TQ06S128s,dgoncalves,cpu2,CANCELLED by 383200393,10,00:00:00,,00:00:00,1190Mn
391659,TQ06S128s,dgoncalves,cpu2,CANCELLED by 383200393,20,00:00:00,,00:00:00,1190Mn
391660,TQ06S128s,dgoncalves,cpu2,CANCELLED by 383200393,30,00:00:00,,00:00:00,1190Mn
391661,TQ06S128s,dgoncalves,cpu2,CANCELLED by 383200393,40,00:00:00,,00:00:00,1190Mn
391662,TQ06S128s,dgoncalves,cpu2,CANCELLED by 383200393,80,00:00:00,,00:00:00,1190Mn
391687,TQ06S128s,dgoncalves,hmem1,OUT_OF_MEMORY,80,00:02:45,,01:33.427,1190Mn
391687.batch,batch,,,OUT_OF_MEMORY,80,00:02:45,4.45M,00:00.345,1190Mn
391687.extern,extern,,,OUT_OF_MEMORY,80,00:02:45,0,00:00:00,1190Mn
391687.0,python,,,OUT_OF_MEMORY,80,00:02:43,1185.36M,01:33.080,1190Mn
391705,Q06S128s,dgoncalves,cpu2,CANCELLED by 383200393,10,00:00:00,,00:00:00,1190Mn
391707,Q06S128s,dgoncalves,cpu2,CANCELLED by 383200393,20,00:00:00,,00:00:00,1190Mn
391708,Q06S128ds,dgoncalves,cpu1,OUT_OF_MEMORY,10,00:04:03,,03:56.569,1984Mn
391708.batch,batch,,,OUT_OF_MEMORY,10,00:04:03,4.44M,00:00.439,1984Mn
391708.extern,extern,,,OUT_OF_MEMORY,10,00:04:03,0,00:00:00,1984Mn
391708.0,python3,,,OUT_OF_MEMORY,10,00:04:02,1699.96M,03:56.129,1984Mn
391709,Q06S128ds,dgoncalves,cpu1,OUT_OF_MEMORY,20,00:04:03,,03:53.062,1984Mn
391709.batch,batch,,,OUT_OF_MEMORY,20,00:04:03,4.45M,00:00.417,1984Mn
391709.extern,extern,,,OUT_OF_MEMORY,20,00:04:03,0,00:00.001,1984Mn
391709.0,python3,,,OUT_OF_MEMORY,20,00:04:02,1707.99M,03:52.643,1984Mn
391710,Q06S128ds,dgoncalves,cpu1,OUT_OF_MEMORY,30,00:04:12,,04:36.527,1984Mn
391710.batch,batch,,,OUT_OF_MEMORY,30,00:04:12,4.45M,00:00.526,1984Mn
391710.extern,extern,,,OUT_OF_MEMORY,30,00:04:12,0,00:00:00,1984Mn
391710.0,python3,,,OUT_OF_MEMORY,30,00:04:09,1817.30M,00:04:36,1984Mn
391711,Q06S128ds,dgoncalves,cpu1,OUT_OF_MEMORY,40,00:03:58,,03:55.945,1984Mn
391711.batch,batch,,,OUT_OF_MEMORY,40,00:03:58,4.44M,00:00.435,1984Mn
391711.extern,extern,,,OUT_OF_MEMORY,40,00:03:58,0,00:00.001,1984Mn
391711.0,python3,,,OUT_OF_MEMORY,40,00:03:57,1748.49M,03:55.508,1984Mn
391712,Q06S128ds,dgoncalves,cpu1,OUT_OF_MEMORY,48,00:04:30,,08:06.759,1984Mn
391712.batch,batch,,,OUT_OF_MEMORY,48,00:04:30,4.45M,00:00.497,1984Mn
391712.extern,extern,,,OUT_OF_MEMORY,48,00:04:30,0,00:00:00,1984Mn
391712.0,python3,,,OUT_OF_MEMORY,48,00:04:28,1972.32M,08:06.260,1984Mn
391713,Q06S128ss,dgoncalves,cpu1,OUT_OF_MEMORY,10,00:04:05,,03:57.942,1984Mn
391713.batch,batch,,,OUT_OF_MEMORY,10,00:04:05,4.45M,00:00.500,1984Mn
391713.extern,extern,,,OUT_OF_MEMORY,10,00:04:05,0,00:00.001,1984Mn
391713.0,python3,,,OUT_OF_MEMORY,10,00:04:02,1699.19M,03:57.441,1984Mn
391714,Q06S128ss,dgoncalves,cpu1,OUT_OF_MEMORY,20,00:04:03,,03:54.420,1984Mn
391714.batch,batch,,,OUT_OF_MEMORY,20,00:04:03,4.45M,00:00.470,1984Mn
391714.extern,extern,,,OUT_OF_MEMORY,20,00:04:04,0,00:00.001,1984Mn
391714.0,python3,,,OUT_OF_MEMORY,20,00:04:01,1694.87M,03:53.948,1984Mn
391715,Q06S128ss,dgoncalves,cpu1,CANCELLED by 383200393,30,00:00:12,,00:06.672,1984Mn
391715.batch,batch,,,CANCELLED,30,00:00:13,4.15M,00:00.391,1984Mn
391715.extern,extern,,,COMPLETED,30,00:00:12,0,00:00.001,1984Mn
391715.0,python3,,,CANCELLED,30,00:00:13,0,00:06.279,1984Mn
391716,Q06S128ss,dgoncalves,cpu1,CANCELLED by 383200393,40,00:00:18,,00:11.734,1984Mn
391716.batch,batch,,,CANCELLED,40,00:00:18,4.15M,00:00.404,1984Mn
391716.extern,extern,,,COMPLETED,40,00:00:18,0,00:00:00,1984Mn
391716.0,python3,,,CANCELLED,40,00:00:20,0,00:11.329,1984Mn
391717,Q06S128ss,dgoncalves,cpu1,OUT_OF_MEMORY,48,00:03:56,,03:53.184,1984Mn
391717.batch,batch,,,OUT_OF_MEMORY,48,00:03:56,4.45M,00:00.424,1984Mn
391717.extern,extern,,,OUT_OF_MEMORY,48,00:03:56,0,00:00:00,1984Mn
391717.0,python3,,,OUT_OF_MEMORY,48,00:03:54,1796.13M,03:52.758,1984Mn
391719,Q06S128ss,dgoncalves,cpu1,OUT_OF_MEMORY,10,00:04:19,,07:44.882,1984Mc
391719.batch,batch,,,OUT_OF_MEMORY,10,00:04:19,4.44M,00:00.414,1984Mc
391719.extern,extern,,,OUT_OF_MEMORY,10,00:04:19,0,00:00:00,1984Mc
391719.0,python3,,,OUT_OF_MEMORY,10,00:04:18,18770.84M,07:44.467,1984Mc
391720,Q06S128ss,dgoncalves,cpu1,OUT_OF_MEMORY,20,00:18:54,,02:57:57,1984Mc
391720.batch,batch,,,OUT_OF_MEMORY,20,00:18:54,4.44M,00:00.417,1984Mc
391720.extern,extern,,,OUT_OF_MEMORY,20,00:18:54,0,00:00.001,1984Mc
391720.0,python3,,,OUT_OF_MEMORY,20,00:18:53,39504.36M,02:57:56,1984Mc
391721,Q06S128ss,dgoncalves,cpu1,OUT_OF_MEMORY,30,00:44:26,,05:00:38,1984Mc
391721.batch,batch,,,OUT_OF_MEMORY,30,00:44:26,4.44M,00:00.404,1984Mc
391721.extern,extern,,,OUT_OF_MEMORY,30,00:44:26,0,00:00:00,1984Mc
391721.0,python3,,,OUT_OF_MEMORY,30,00:44:25,57870.27M,05:00:37,1984Mc
391722,Q06S128ss,dgoncalves,cpu1,OUT_OF_MEMORY,40,00:48:07,,04:36:51,1984Mc
391722.batch,batch,,,OUT_OF_MEMORY,40,00:48:07,4.44M,00:00.490,1984Mc
391722.extern,extern,,,OUT_OF_MEMORY,40,00:48:07,0,00:00.001,1984Mc
391722.0,python3,,,OUT_OF_MEMORY,40,00:48:05,79174.36M,04:36:50,1984Mc
391723,Q06S128ss,dgoncalves,cpu1,FAILED,48,00:58:17,,04:46:03,1984Mc
391723.batch,batch,,,FAILED,48,00:58:17,4.45M,00:00.424,1984Mc
391723.extern,extern,,,COMPLETED,48,00:58:18,0,00:00:00,1984Mc
391723.0,python3,,,FAILED,48,00:58:16,80288.84M,04:46:03,1984Mc
392595,Q06S01ds,dgoncalves,cpu1,FAILED,10,00:00:10,,00:03.607,1984Mc
392595.batch,batch,,,FAILED,10,00:00:10,0,00:00.421,1984Mc
392595.extern,extern,,,COMPLETED,10,00:00:10,0,00:00:00,1984Mc
392595.0,python3,,,FAILED,10,00:00:08,0,00:03.185,1984Mc
392596,Q06S02ds,dgoncalves,cpu1,COMPLETED,10,00:00:11,,00:05.785,1984Mc
392596.batch,batch,,,COMPLETED,10,00:00:11,0,00:00.425,1984Mc
392596.extern,extern,,,COMPLETED,10,00:00:11,0,00:00:00,1984Mc
392596.0,python3,,,COMPLETED,10,00:00:10,5.18M,00:05.359,1984Mc
392597,Q06S10ds,dgoncalves,cpu1,COMPLETED,10,00:00:34,,01:58.646,1984Mc
392597.batch,batch,,,COMPLETED,10,00:00:34,4.45M,00:00.404,1984Mc
392597.extern,extern,,,COMPLETED,10,00:00:34,0,00:00:00,1984Mc
392597.0,python3,,,COMPLETED,10,00:00:33,447.08M,01:58.240,1984Mc
392598,Q06S20ds,dgoncalves,cpu1,COMPLETED,10,00:01:49,,09:36.365,1984Mc
392598.batch,batch,,,COMPLETED,10,00:01:49,4.45M,00:00.425,1984Mc
392598.extern,extern,,,COMPLETED,10,00:01:49,0,00:00:00,1984Mc
392598.0,python3,,,COMPLETED,10,00:01:48,2785.88M,09:35.939,1984Mc
392599,Q06S40ds,dgoncalves,cpu1,COMPLETED,10,00:06:47,,42:10.528,1984Mc
392599.batch,batch,,,COMPLETED,10,00:06:47,4.45M,00:00.434,1984Mc
392599.extern,extern,,,COMPLETED,10,00:06:47,0,00:00:00,1984Mc
392599.0,python3,,,COMPLETED,10,00:06:45,10916.02M,42:10.093,1984Mc
392600,Q06S80ds,dgoncalves,cpu1,OUT_OF_MEMORY,10,00:14:55,,02:11:02,1984Mc
392600.batch,batch,,,OUT_OF_MEMORY,10,00:14:55,4.55M,00:00.434,1984Mc
392600.extern,extern,,,OUT_OF_MEMORY,10,00:14:55,0,00:00.001,1984Mc
392600.0,python3,,,OUT_OF_MEMORY,10,00:14:52,19759.44M,02:11:02,1984Mc
392602,Q06S50ds,dgoncalves,cpu1,OUT_OF_MEMORY,10,00:10:58,,01:09:08,1984Mc
392602.batch,batch,,,OUT_OF_MEMORY,10,00:10:58,4.45M,00:00.433,1984Mc
392602.extern,extern,,,OUT_OF_MEMORY,10,00:10:58,0,00:00:00,1984Mc
392602.0,python3,,,OUT_OF_MEMORY,10,00:10:56,10499.86M,01:09:08,1984Mc
392603,Q06S60ds,dgoncalves,cpu1,CANCELLED by 383200393,10,00:13:38,,01:37:20,1984Mc
392603.batch,batch,,,CANCELLED,10,00:13:40,4.45M,00:00.407,1984Mc
392603.extern,extern,,,COMPLETED,10,00:13:39,0,00:00:00,1984Mc
392603.0,python3,,,CANCELLED,10,00:13:40,13944.89M,01:37:20,1984Mc
392604,Q05S02ds,dgoncalves,cpu1,COMPLETED,10,00:00:07,,00:04.416,1984Mc
392604.batch,batch,,,COMPLETED,10,00:00:07,0,00:00.502,1984Mc
392604.extern,extern,,,COMPLETED,10,00:00:07,0,00:00:00,1984Mc
392604.0,python3,,,COMPLETED,10,00:00:06,5.17M,00:03.913,1984Mc
392605,Q05S10ds,dgoncalves,cpu1,COMPLETED,10,00:00:14,,00:37.621,1984Mc
392605.batch,batch,,,COMPLETED,10,00:00:14,0,00:00.427,1984Mc
392605.extern,extern,,,COMPLETED,10,00:00:14,0,00:00.001,1984Mc
392605.0,python3,,,COMPLETED,10,00:00:13,5.18M,00:37.193,1984Mc
392606,Q05S20ds,dgoncalves,cpu1,COMPLETED,10,00:00:41,,02:55.797,1984Mc
392606.batch,batch,,,COMPLETED,10,00:00:41,4.45M,00:00.465,1984Mc
392606.extern,extern,,,COMPLETED,10,00:00:41,0,00:00:00,1984Mc
392606.0,python3,,,COMPLETED,10,00:00:40,1825.34M,02:55.330,1984Mc
392607,Q05S40ds,dgoncalves,cpu1,COMPLETED,10,00:02:10,,12:03.247,1984Mc
392607.batch,batch,,,COMPLETED,10,00:02:10,4.45M,00:00.461,1984Mc
392607.extern,extern,,,COMPLETED,10,00:02:10,0,00:00.001,1984Mc
392607.0,python3,,,COMPLETED,10,00:02:09,3829.39M,12:02.785,1984Mc
392610,TQ06S02ds,dgoncalves,cpu1,COMPLETED,2,00:00:14,,00:06.604,1984Mc
392610.batch,batch,,,COMPLETED,2,00:00:14,0,00:00.514,1984Mc
392610.extern,extern,,,COMPLETED,2,00:00:14,0,00:00:00,1984Mc
392610.0,python3,,,COMPLETED,2,00:00:12,5.18M,00:06.088,1984Mc
392611,TQ06S10ds,dgoncalves,cpu1,COMPLETED,2,00:01:36,,02:39.187,1984Mc
392611.batch,batch,,,COMPLETED,2,00:01:36,4.44M,00:00.497,1984Mc
392611.extern,extern,,,COMPLETED,2,00:01:36,0,00:00.001,1984Mc
392611.0,python3,,,COMPLETED,2,00:01:33,1268.20M,02:38.689,1984Mc
392612,TQ06S20ds,dgoncalves,cpu1,COMPLETED,2,00:06:08,,11:10.354,1984Mc
392612.batch,batch,,,COMPLETED,2,00:06:08,4.45M,00:00.492,1984Mc
392612.extern,extern,,,COMPLETED,2,00:06:08,0,00:00:00,1984Mc
392612.0,python3,,,COMPLETED,2,00:06:06,3514.92M,11:09.860,1984Mc
392613,TQ06S40ds,dgoncalves,cpu1,OUT_OF_MEMORY,2,00:03:56,,07:01.805,1984Mc
392613.batch,batch,,,OUT_OF_MEMORY,2,00:03:56,4.45M,00:00.534,1984Mc
392613.extern,extern,,,OUT_OF_MEMORY,2,00:03:56,0,00:00.001,1984Mc
392613.0,python3,,,OUT_OF_MEMORY,2,00:03:53,3868.73M,07:01.269,1984Mc
392614,TQ06S50ds,dgoncalves,cpu1,OUT_OF_MEMORY,2,00:01:53,,02:42.925,1984Mc
392614.batch,batch,,,OUT_OF_MEMORY,2,00:01:53,4.44M,00:00.507,1984Mc
392614.extern,extern,,,OUT_OF_MEMORY,2,00:01:53,0,00:00.001,1984Mc
392614.0,python3,,,OUT_OF_MEMORY,2,00:01:50,3141.23M,02:42.416,1984Mc
392615,TQ06S51ds,dgoncalves,cpu1,OUT_OF_MEMORY,2,00:01:32,,02:01.332,1984Mc
392615.batch,batch,,,OUT_OF_MEMORY,2,00:01:32,4.45M,00:00.501,1984Mc
392615.extern,extern,,,OUT_OF_MEMORY,2,00:01:32,0,00:00.001,1984Mc
392615.0,python3,,,OUT_OF_MEMORY,2,00:01:30,750.80M,02:00.829,1984Mc
392616,TQ06S02ds,dgoncalves,cpu1,COMPLETED,48,00:00:11,,00:05.661,1984Mc
392616.batch,batch,,,COMPLETED,48,00:00:11,0,00:00.415,1984Mc
392616.extern,extern,,,COMPLETED,48,00:00:11,0,00:00:00,1984Mc
392616.0,python3,,,COMPLETED,48,00:00:10,5.18M,00:05.244,1984Mc
392617,TQ06S10ds,dgoncalves,cpu1,COMPLETED,48,00:00:34,,01:33.669,1984Mc
392617.batch,batch,,,COMPLETED,48,00:00:34,4.45M,00:00.402,1984Mc
392617.extern,extern,,,COMPLETED,48,00:00:34,0,00:00:00,1984Mc
392617.0,python3,,,COMPLETED,48,00:00:33,599.80M,01:33.266,1984Mc
392618,TQ06S20ds,dgoncalves,cpu1,COMPLETED,48,00:01:29,,06:21.902,1984Mc
392618.batch,batch,,,COMPLETED,48,00:01:29,4.45M,00:00.411,1984Mc
392618.extern,extern,,,COMPLETED,48,00:01:29,0,00:00:00,1984Mc
392618.0,python3,,,COMPLETED,48,00:01:27,2503.73M,06:21.490,1984Mc
392619,TQ06S40ds,dgoncalves,cpu1,COMPLETED,48,00:04:45,,26:04.581,1984Mc
392619.batch,batch,,,COMPLETED,48,00:04:45,4.45M,00:00.419,1984Mc
392619.extern,extern,,,COMPLETED,48,00:04:45,0,00:00:00,1984Mc
392619.0,python3,,,COMPLETED,48,00:04:44,13853.13M,26:04.161,1984Mc
392620,TQ06S50ds,dgoncalves,cpu1,COMPLETED,48,00:08:03,,42:02.511,1984Mc
392620.batch,batch,,,COMPLETED,48,00:08:03,4.45M,00:00.415,1984Mc
392620.extern,extern,,,COMPLETED,48,00:08:03,0,00:00:00,1984Mc
392620.0,python3,,,COMPLETED,48,00:08:02,17503.27M,42:02.094,1984Mc
392621,TQ06S51ds,dgoncalves,cpu1,COMPLETED,48,00:08:10,,43:40.384,1984Mc
392621.batch,batch,,,COMPLETED,48,00:08:10,4.45M,00:00.441,1984Mc
392621.extern,extern,,,COMPLETED,48,00:08:10,0,00:00:00,1984Mc
392621.0,python3,,,COMPLETED,48,00:08:09,14662.40M,43:39.942,1984Mc
392622,TQ07S40ds,dgoncalves,cpu1,CANCELLED by 383200393,10,00:07:01,,01:03:36,1984Mc
392622.batch,batch,,,CANCELLED,10,00:07:03,4.45M,00:00.477,1984Mc
392622.extern,extern,,,COMPLETED,10,00:07:01,0,00:00.001,1984Mc
392622.0,python3,,,CANCELLED,10,00:07:04,10271.27M,01:03:36,1984Mc
392623,TQ06S40ds,dgoncalves,cpu1,COMPLETED,10,00:16:07,,01:40:10,1984Mc
392623.batch,batch,,,COMPLETED,10,00:16:07,4.45M,00:01.159,1984Mc
392623.extern,extern,,,COMPLETED,10,00:16:07,0,00:00.002,1984Mc
392623.0,python3,,,COMPLETED,10,00:16:05,13836.58M,01:40:09,1984Mc
392626,TQ06S40ds,dgoncalves,cpu1,COMPLETED,48,00:04:44,,26:35.407,1984Mc
392626.batch,batch,,,COMPLETED,48,00:04:44,4.45M,00:00.439,1984Mc
392626.extern,extern,,,COMPLETED,48,00:04:44,0,00:00:00,1984Mc
392626.0,python3,,,COMPLETED,48,00:04:43,14007.12M,26:34.967,1984Mc
392629,TQ06S51ds,dgoncalves,cpu1,COMPLETED,48,00:07:47,,44:02.737,1984Mc
392629.batch,batch,,,COMPLETED,48,00:07:47,4.45M,00:00.431,1984Mc
392629.extern,extern,,,COMPLETED,48,00:07:47,0,00:00:00,1984Mc
392629.0,python3,,,COMPLETED,48,00:07:46,25823.89M,44:02.305,1984Mc
392630,TQ06S51da,dgoncalves,cpu1,CANCELLED by 383200393,48,00:03:57,,37:59.144,1984Mc
392630.batch,batch,,,CANCELLED,48,00:03:59,4.45M,00:00.404,1984Mc
392630.extern,extern,,,COMPLETED,48,00:03:57,0,00:00:00,1984Mc
392630.0,python3,,,CANCELLED,48,00:04:00,10349.42M,37:58.739,1984Mc
392631,TQ06S51da,dgoncalves,cpu1,CANCELLED by 383200393,48,00:00:00,,00:00:00,1984Mc
392632,TQ06S51ds,dgoncalves,cpu1,COMPLETED,48,00:08:10,,43:01.783,1984Mc
392632.batch,batch,,,COMPLETED,48,00:08:10,4.45M,00:00.419,1984Mc
392632.extern,extern,,,COMPLETED,48,00:08:10,0,00:00:00,1984Mc
392632.0,python3,,,COMPLETED,48,00:08:09,12723.81M,43:01.363,1984Mc
394659,Q06S128P01Ds,dgoncalves,cpu1,CANCELLED by 383200393,48,00:00:00,,00:00:00,1984Mc
394660,Q06S128P24.0Ds,dgoncalves,cpu1,CANCELLED by 383200393,48,00:00:00,,00:00:00,1984Mc
394661,Q06S128P12.0Ds,dgoncalves,cpu1,CANCELLED by 383200393,48,00:00:00,,00:00:00,1984Mc
394672,Q06S128P01Ds,dgoncalves,cpu2,CANCELLED by 383200393,48,00:00:00,,00:00:00,1190Mc
394673,Q06S128P24Ds,dgoncalves,cpu2,CANCELLED by 383200393,48,00:00:00,,00:00:00,1190Mc
394674,Q06S128P12Ds,dgoncalves,cpu2,CANCELLED by 383200393,48,00:00:00,,00:00:00,1190Mc
394676,Q06S128P00Ds,dgoncalves,hmem1,FAILED,80,01:54:15,,02:17:18,4800Mc
394676.batch,batch,,,FAILED,80,01:54:15,4.44M,00:00.355,4800Mc
394676.extern,extern,,,COMPLETED,80,01:54:15,0,00:00.001,4800Mc
394676.0,python3,,,FAILED,80,01:54:14,23675.38M,02:17:18,4800Mc
395479,Q06S128P01DsCU,dgoncalves,cpu1,FAILED,48,00:46:39,,04:32:18,1984Mc
395479.batch,batch,,,FAILED,48,00:46:39,4.45M,00:00.425,1984Mc
395479.extern,extern,,,COMPLETED,48,00:46:39,0,00:00.001,1984Mc
395479.0,python3,,,CANCELLED,48,00:46:37,89932.80M,04:32:18,1984Mc
395480,Q06S128P12.0DsCU,dgoncalves,cpu1,FAILED,48,00:00:11,,00:03.689,1984Mc
395480.batch,batch,,,FAILED,48,00:00:11,0,00:00.422,1984Mc
395480.extern,extern,,,COMPLETED,48,00:00:11,0,00:00:00,1984Mc
395480.0,python3,,,FAILED,48,00:00:10,0,00:03.266,1984Mc
395481,Q06S128P06.0DsCU,dgoncalves,cpu1,FAILED,48,00:00:11,,00:03.726,1984Mc
395481.batch,batch,,,FAILED,48,00:00:11,0,00:00.435,1984Mc
395481.extern,extern,,,COMPLETED,48,00:00:11,0,00:00:00,1984Mc
395481.0,python3,,,FAILED,48,00:00:10,0,00:03.290,1984Mc
396491,Q06S128P06DsCU,dgoncalves,cpu1,FAILED,48,00:00:10,,00:03.689,1984Mc
396491.batch,batch,,,FAILED,48,00:00:10,0,00:00.427,1984Mc
396491.extern,extern,,,COMPLETED,48,00:00:10,0,00:00.001,1984Mc
396491.0,python3,,,FAILED,48,00:00:09,0,00:03.260,1984Mc
396492,Q06S128P12DsCU,dgoncalves,cpu1,FAILED,48,00:00:09,,00:03.433,1984Mc
396492.batch,batch,,,FAILED,48,00:00:09,0,00:00.415,1984Mc
396492.extern,extern,,,COMPLETED,48,00:00:09,0,00:00:00,1984Mc
396492.0,python3,,,FAILED,48,00:00:07,0,00:03.017,1984Mc
396493,Q06S128P01DsCU,dgoncalves,cpu1,FAILED,48,00:00:09,,00:03.556,1984Mc
396493.batch,batch,,,FAILED,48,00:00:09,0,00:00.417,1984Mc
396493.extern,extern,,,COMPLETED,48,00:00:09,0,00:00:00,1984Mc
396493.0,python3,,,FAILED,48,00:00:07,0,00:03.137,1984Mc
396507,Q06S10P01DsCU,dgoncalves,hmem1,COMPLETED,48,00:00:41,,01:02.571,4800Mc
396507.batch,batch,,,COMPLETED,48,00:00:41,4.43M,00:00.348,4800Mc
396507.extern,extern,,,COMPLETED,48,00:00:42,0,00:00.001,4800Mc
396507.0,python3,,,COMPLETED,48,00:00:40,1383.29M,01:02.220,4800Mc
396508,Q06S10P01DsCU,dgoncalves,hmem1,COMPLETED,48,00:00:26,,00:59.852,4800Mc
396508.batch,batch,,,COMPLETED,48,00:00:26,0,00:00.340,4800Mc
396508.extern,extern,,,COMPLETED,48,00:00:26,0,00:00.002,4800Mc
396508.0,python3,,,COMPLETED,48,00:00:25,5.18M,00:59.509,4800Mc
396509,Q06S10P01DsCU,dgoncalves,hmem1,COMPLETED,48,00:00:26,,01:01.620,4800Mc
396509.batch,batch,,,COMPLETED,48,00:00:26,0,00:00.332,4800Mc
396509.extern,extern,,,COMPLETED,48,00:00:26,0,00:00.001,4800Mc
396509.0,python3,,,COMPLETED,48,00:00:25,5.18M,01:01.286,4800Mc
396510,Q06S10P01DsCU,dgoncalves,hmem1,COMPLETED,48,00:00:26,,01:00.830,4800Mc
396510.batch,batch,,,COMPLETED,48,00:00:26,0,00:00.341,4800Mc
396510.extern,extern,,,COMPLETED,48,00:00:26,0,00:00.001,4800Mc
396510.0,python3,,,COMPLETED,48,00:00:24,5.18M,01:00.487,4800Mc
396511,Q06S10P01DsCU,dgoncalves,hmem1,COMPLETED,48,00:00:26,,01:03.303,4800Mc
396511.batch,batch,,,COMPLETED,48,00:00:26,0,00:00.339,4800Mc
396511.extern,extern,,,COMPLETED,48,00:00:26,0,00:00.001,4800Mc
396511.0,python3,,,COMPLETED,48,00:00:25,5.18M,01:02.962,4800Mc
396512,Q06S10P01DsCU,dgoncalves,hmem1,FAILED,48,00:00:20,,00:12.875,4800Mc
396512.batch,batch,,,FAILED,48,00:00:20,0,00:00.332,4800Mc
396512.extern,extern,,,COMPLETED,48,00:00:20,0,00:00.001,4800Mc
396512.0,python3,,,FAILED,48,00:00:18,0,00:12.541,4800Mc
396513,Q06S10P01DsCU,dgoncalves,hmem1,COMPLETED,48,00:00:19,,00:12.450,4800Mc
396513.batch,batch,,,COMPLETED,48,00:00:19,0,00:00.334,4800Mc
396513.extern,extern,,,COMPLETED,48,00:00:19,0,00:00.001,4800Mc
396513.0,python3,,,COMPLETED,48,00:00:17,0,00:12.114,4800Mc
396514,Q06S10P01DsCU,dgoncalves,hmem1,COMPLETED,48,00:00:24,,01:01.036,4800Mc
396514.batch,batch,,,COMPLETED,48,00:00:24,0,00:00.328,4800Mc
396514.extern,extern,,,COMPLETED,48,00:00:24,0,00:00.001,4800Mc
396514.0,python3,,,COMPLETED,48,00:00:23,5.18M,01:00.706,4800Mc
396515,Q06S05P01DsCUS,dgoncalves,hmem1,COMPLETED,80,00:00:23,,00:07.888,4800Mc
396515.batch,batch,,,COMPLETED,80,00:00:23,0,00:00.387,4800Mc
396515.extern,extern,,,COMPLETED,80,00:00:23,0,00:00.001,4800Mc
396515.0,python3,,,COMPLETED,80,00:00:20,0,00:07.499,4800Mc
396516,Q06S10P01DsCUS,dgoncalves,hmem1,COMPLETED,80,00:00:27,,00:12.581,4800Mc
396516.batch,batch,,,COMPLETED,80,00:00:27,0,00:00.374,4800Mc
396516.extern,extern,,,COMPLETED,80,00:00:27,0,00:00.001,4800Mc
396516.0,python3,,,COMPLETED,80,00:00:24,0,00:12.206,4800Mc
396517,Q06S15P01DsCUS,dgoncalves,hmem1,COMPLETED,80,00:00:32,,00:18.575,4800Mc
396517.batch,batch,,,COMPLETED,80,00:00:32,4.43M,00:00.383,4800Mc
396517.extern,extern,,,COMPLETED,80,00:00:32,0,00:00:00,4800Mc
396517.0,python3,,,COMPLETED,80,00:00:29,0,00:18.191,4800Mc
396518,Q06S20P01DsCUS,dgoncalves,hmem1,COMPLETED,80,00:00:37,,00:22.443,4800Mc
396518.batch,batch,,,COMPLETED,80,00:00:37,4.44M,00:00.378,4800Mc
396518.extern,extern,,,COMPLETED,80,00:00:37,0,00:00.001,4800Mc
396518.0,python3,,,COMPLETED,80,00:00:34,273.05M,00:22.064,4800Mc
396519,Q06S25P01DsCUS,dgoncalves,hmem1,COMPLETED,80,00:00:33,,00:27.046,4800Mc
396519.batch,batch,,,COMPLETED,80,00:00:33,4.43M,00:00.325,4800Mc
396519.extern,extern,,,COMPLETED,80,00:00:33,0,00:00.001,4800Mc
396519.0,python3,,,COMPLETED,80,00:00:31,410.62M,00:26.719,4800Mc
396520,Q06S30P01DsCUS,dgoncalves,hmem1,COMPLETED,80,00:00:38,,00:31.746,4800Mc
396520.batch,batch,,,COMPLETED,80,00:00:38,4.43M,00:00.329,4800Mc
396520.extern,extern,,,COMPLETED,80,00:00:38,0,00:00.001,4800Mc
396520.0,python3,,,COMPLETED,80,00:00:36,335.91M,00:31.415,4800Mc
396521,Q06S35P01DsCUS,dgoncalves,hmem1,COMPLETED,80,00:00:43,,00:36.597,4800Mc
396521.batch,batch,,,COMPLETED,80,00:00:43,4.43M,00:00.326,4800Mc
396521.extern,extern,,,COMPLETED,80,00:00:43,0,00:00.001,4800Mc
396521.0,python3,,,COMPLETED,80,00:00:42,368.14M,00:36.270,4800Mc
396522,Q06S40P01DsCUS,dgoncalves,hmem1,COMPLETED,80,00:00:48,,00:42.015,4800Mc
396522.batch,batch,,,COMPLETED,80,00:00:48,4.43M,00:00.328,4800Mc
396522.extern,extern,,,COMPLETED,80,00:00:48,0,00:00.001,4800Mc
396522.0,python3,,,COMPLETED,80,00:00:46,389.38M,00:41.685,4800Mc
396523,Q06S45P01DsCUS,dgoncalves,hmem1,COMPLETED,80,00:00:52,,00:46.184,4800Mc
396523.batch,batch,,,COMPLETED,80,00:00:52,4.43M,00:00.318,4800Mc
396523.extern,extern,,,COMPLETED,80,00:00:52,0,00:00:00,4800Mc
396523.0,python3,,,COMPLETED,80,00:00:51,413.33M,00:45.864,4800Mc
396524,Q06S50P01DsCUS,dgoncalves,hmem1,COMPLETED,80,00:00:57,,00:50.794,4800Mc
396524.batch,batch,,,COMPLETED,80,00:00:57,4.43M,00:00.339,4800Mc
396524.extern,extern,,,COMPLETED,80,00:00:57,0,00:00.001,4800Mc
396524.0,python3,,,COMPLETED,80,00:00:55,445.41M,00:50.454,4800Mc
396525,Q06S55P01DsCUS,dgoncalves,hmem1,COMPLETED,80,00:01:02,,00:55.691,4800Mc
396525.batch,batch,,,COMPLETED,80,00:01:02,4.43M,00:00.316,4800Mc
396525.extern,extern,,,COMPLETED,80,00:01:02,0,00:00:00,4800Mc
396525.0,python3,,,COMPLETED,80,00:01:01,456.32M,00:55.374,4800Mc
396526,Q06S60P01DsCUS,dgoncalves,hmem1,COMPLETED,80,00:01:07,,01:00.439,4800Mc
396526.batch,batch,,,COMPLETED,80,00:01:07,4.43M,00:00.344,4800Mc
396526.extern,extern,,,COMPLETED,80,00:01:07,0,00:00.001,4800Mc
396526.0,python3,,,COMPLETED,80,00:01:05,506.68M,01:00.093,4800Mc
396527,Q06S65P01DsCUS,dgoncalves,hmem1,COMPLETED,80,00:01:13,,01:06.198,4800Mc
396527.batch,batch,,,COMPLETED,80,00:01:13,4.43M,00:00.329,4800Mc
396527.extern,extern,,,COMPLETED,80,00:01:13,0,00:00.001,4800Mc
396527.0,python3,,,COMPLETED,80,00:01:11,562.57M,01:05.867,4800Mc
396528,Q06S70P01DsCUS,dgoncalves,hmem1,COMPLETED,80,00:01:16,,01:10.034,4800Mc
396528.batch,batch,,,COMPLETED,80,00:01:16,4.43M,00:00.334,4800Mc
396528.extern,extern,,,COMPLETED,80,00:01:16,0,00:00.001,4800Mc
396528.0,python3,,,COMPLETED,80,00:01:15,601.25M,01:09.698,4800Mc
396529,Q06S75P01DsCUS,dgoncalves,hmem1,COMPLETED,80,00:01:21,,01:14.429,4800Mc
396529.batch,batch,,,COMPLETED,80,00:01:21,4.44M,00:00.337,4800Mc
396529.extern,extern,,,COMPLETED,80,00:01:21,0,00:00.001,4800Mc
396529.0,python3,,,COMPLETED,80,00:01:19,614.71M,01:14.090,4800Mc
396530,Q06S80P01DsCUS,dgoncalves,hmem1,COMPLETED,80,00:01:28,,01:22.422,4800Mc
396530.batch,batch,,,COMPLETED,80,00:01:28,4.43M,00:00.337,4800Mc
396530.extern,extern,,,COMPLETED,80,00:01:28,0,00:00.001,4800Mc
396530.0,python3,,,COMPLETED,80,00:01:26,659.94M,01:22.083,4800Mc
396531,Q06S85P01DsCUS,dgoncalves,hmem1,COMPLETED,80,00:01:31,,01:24.549,4800Mc
396531.batch,batch,,,COMPLETED,80,00:01:31,4.43M,00:00.334,4800Mc
396531.extern,extern,,,COMPLETED,80,00:01:31,0,00:00.001,4800Mc
396531.0,python3,,,COMPLETED,80,00:01:29,682.27M,01:24.214,4800Mc
396532,Q06S90P01DsCUS,dgoncalves,hmem1,COMPLETED,80,00:01:36,,01:30.530,4800Mc
396532.batch,batch,,,COMPLETED,80,00:01:36,4.43M,00:00.342,4800Mc
396532.extern,extern,,,COMPLETED,80,00:01:37,0,00:00.001,4800Mc
396532.0,python3,,,COMPLETED,80,00:01:35,917.69M,01:30.187,4800Mc
396533,Q06S95P01DsCUS,dgoncalves,hmem1,COMPLETED,80,00:01:40,,01:33.685,4800Mc
396533.batch,batch,,,COMPLETED,80,00:01:40,4.43M,00:00.329,4800Mc
396533.extern,extern,,,COMPLETED,80,00:01:41,0,00:00.001,4800Mc
396533.0,python3,,,COMPLETED,80,00:01:39,728.35M,01:33.354,4800Mc
396535,Q06S100P01DsCUS,dgoncalves,hmem1,COMPLETED,80,00:01:52,,01:39.050,4800Mc
396535.batch,batch,,,COMPLETED,80,00:01:52,4.43M,00:00.336,4800Mc
396535.extern,extern,,,COMPLETED,80,00:01:52,0,00:00.001,4800Mc
396535.0,python3,,,COMPLETED,80,00:01:51,792.86M,01:38.712,4800Mc
396536,Q06S105P01DsCUS,dgoncalves,hmem1,COMPLETED,80,00:01:57,,01:43.985,4800Mc
396536.batch,batch,,,COMPLETED,80,00:01:57,4.43M,00:00.356,4800Mc
396536.extern,extern,,,COMPLETED,80,00:01:57,0,00:00.001,4800Mc
396536.0,python3,,,COMPLETED,80,00:01:55,825.16M,01:43.627,4800Mc
396537,Q06S110P01DsCUS,dgoncalves,hmem1,COMPLETED,80,00:02:00,,01:48.574,4800Mc
396537.batch,batch,,,COMPLETED,80,00:02:00,4.43M,00:00.335,4800Mc
396537.extern,extern,,,COMPLETED,80,00:02:01,0,00:00.001,4800Mc
396537.0,python3,,,COMPLETED,80,00:01:59,863.38M,01:48.237,4800Mc
396538,Q06S115P01DsCUS,dgoncalves,hmem1,COMPLETED,80,00:02:06,,01:53.775,4800Mc
396538.batch,batch,,,COMPLETED,80,00:02:06,4.43M,00:00.351,4800Mc
396538.extern,extern,,,COMPLETED,80,00:02:06,0,00:00:00,4800Mc
396538.0,python3,,,COMPLETED,80,00:02:05,1327.32M,01:53.423,4800Mc
396539,Q06S120P01DsCUS,dgoncalves,hmem1,COMPLETED,80,00:02:07,,02:00.067,4800Mc
396539.batch,batch,,,COMPLETED,80,00:02:07,4.43M,00:00.340,4800Mc
396539.extern,extern,,,COMPLETED,80,00:02:07,0,00:00.001,4800Mc
396539.0,python3,,,COMPLETED,80,00:02:06,1241.39M,01:59.725,4800Mc
396540,Q06S125P01DsCUS,dgoncalves,hmem1,COMPLETED,80,00:02:11,,02:03.795,4800Mc
396540.batch,batch,,,COMPLETED,80,00:02:11,4.43M,00:00.333,4800Mc
396540.extern,extern,,,COMPLETED,80,00:02:11,0,00:00.001,4800Mc
396540.0,python3,,,COMPLETED,80,00:02:09,957.83M,02:03.460,4800Mc
396541,Q06S130P01DsCUS,dgoncalves,hmem1,COMPLETED,80,00:02:23,,02:09.191,4800Mc
396541.batch,batch,,,COMPLETED,80,00:02:23,4.43M,00:00.341,4800Mc
396541.extern,extern,,,COMPLETED,80,00:02:23,0,00:00:00,4800Mc
396541.0,python3,,,COMPLETED,80,00:02:21,988.18M,02:08.849,4800Mc
396542,Q06S135P01DsCUS,dgoncalves,hmem1,COMPLETED,80,00:02:25,,02:14.364,4800Mc
396542.batch,batch,,,COMPLETED,80,00:02:25,4.43M,00:00.428,4800Mc
396542.extern,extern,,,COMPLETED,80,00:02:25,0,00:00.001,4800Mc
396542.0,python3,,,COMPLETED,80,00:02:21,1021.18M,02:13.934,4800Mc
396543,Q06S140P01DsCUS,dgoncalves,hmem1,COMPLETED,80,00:02:25,,02:18.393,4800Mc
396543.batch,batch,,,COMPLETED,80,00:02:25,4.44M,00:00.346,4800Mc
396543.extern,extern,,,COMPLETED,80,00:02:25,0,00:00.001,4800Mc
396543.0,python3,,,COMPLETED,80,00:02:23,1049.70M,02:18.045,4800Mc
396544,Q06S145P01DsCUS,dgoncalves,hmem1,COMPLETED,80,00:02:35,,02:25.462,4800Mc
396544.batch,batch,,,COMPLETED,80,00:02:35,4.43M,00:00.359,4800Mc
396544.extern,extern,,,COMPLETED,80,00:02:35,0,00:00.001,4800Mc
396544.0,python3,,,COMPLETED,80,00:02:33,1060.91M,02:25.102,4800Mc
396545,Q06S150P01DsCUS,dgoncalves,hmem1,COMPLETED,80,00:02:35,,02:28.535,4800Mc
396545.batch,batch,,,COMPLETED,80,00:02:35,4.43M,00:00.321,4800Mc
396545.extern,extern,,,COMPLETED,80,00:02:35,0,00:00:00,4800Mc
396545.0,python3,,,COMPLETED,80,00:02:33,3485.69M,02:28.212,4800Mc
396546,Q06S155P01DsCUS,dgoncalves,hmem1,COMPLETED,80,00:02:40,,02:33.446,4800Mc
396546.batch,batch,,,COMPLETED,80,00:02:40,4.43M,00:00.332,4800Mc
396546.extern,extern,,,COMPLETED,80,00:02:40,0,00:00.001,4800Mc
396546.0,python3,,,COMPLETED,80,00:02:38,1287.70M,02:33.112,4800Mc
396547,Q06S160P01DsCUS,dgoncalves,hmem1,COMPLETED,80,00:02:51,,02:39.729,4800Mc
396547.batch,batch,,,COMPLETED,80,00:02:51,4.43M,00:00.381,4800Mc
396547.extern,extern,,,COMPLETED,80,00:02:51,0,00:00:00,4800Mc
396547.0,python3,,,COMPLETED,80,00:02:47,1197.59M,02:39.347,4800Mc
396548,Q06S165P01DsCUS,dgoncalves,hmem1,COMPLETED,80,00:02:52,,02:43.567,4800Mc
396548.batch,batch,,,COMPLETED,80,00:02:52,4.43M,00:00.402,4800Mc
396548.extern,extern,,,COMPLETED,80,00:02:52,0,00:00.001,4800Mc
396548.0,python3,,,COMPLETED,80,00:02:49,1227.88M,02:43.164,4800Mc
396549,Q06S170P01DsCUS,dgoncalves,hmem1,COMPLETED,80,00:02:51,,02:44.371,4800Mc
396549.batch,batch,,,COMPLETED,80,00:02:51,4.43M,00:00.330,4800Mc
396549.extern,extern,,,COMPLETED,80,00:02:51,0,00:00.001,4800Mc
396549.0,python3,,,COMPLETED,80,00:02:49,1258.20M,02:44.040,4800Mc
396550,Q06S175P01DsCUS,dgoncalves,hmem1,COMPLETED,80,00:02:57,,02:50.337,4800Mc
396550.batch,batch,,,COMPLETED,80,00:02:57,4.43M,00:00.332,4800Mc
396550.extern,extern,,,COMPLETED,80,00:02:57,0,00:00.001,4800Mc
396550.0,python3,,,COMPLETED,80,00:02:56,1273.98M,02:50.003,4800Mc
396551,Q06S180P01DsCUS,dgoncalves,hmem1,COMPLETED,80,00:03:04,,02:58.214,4800Mc
396551.batch,batch,,,COMPLETED,80,00:03:04,4.43M,00:00.355,4800Mc
396551.extern,extern,,,COMPLETED,80,00:03:04,0,00:00:00,4800Mc
396551.0,python3,,,COMPLETED,80,00:03:02,2948.86M,02:57.857,4800Mc
396552,Q06S185P01DsCUS,dgoncalves,hmem1,COMPLETED,80,00:03:10,,03:02.581,4800Mc
396552.batch,batch,,,COMPLETED,80,00:03:10,4.43M,00:00.345,4800Mc
396552.extern,extern,,,COMPLETED,80,00:03:10,0,00:00.001,4800Mc
396552.0,python3,,,COMPLETED,80,00:03:08,1836.05M,03:02.234,4800Mc
396553,Q06S190P01DsCUS,dgoncalves,hmem1,COMPLETED,80,00:03:14,,03:06.674,4800Mc
396553.batch,batch,,,COMPLETED,80,00:03:14,4.43M,00:00.332,4800Mc
396553.extern,extern,,,COMPLETED,80,00:03:14,0,00:00.001,4800Mc
396553.0,python3,,,COMPLETED,80,00:03:12,1387.95M,03:06.341,4800Mc
396554,Q06S195P01DsCUS,dgoncalves,hmem1,COMPLETED,80,00:03:20,,03:13.207,4800Mc
396554.batch,batch,,,COMPLETED,80,00:03:20,4.43M,00:00.331,4800Mc
396554.extern,extern,,,COMPLETED,80,00:03:20,0,00:00.001,4800Mc
396554.0,python3,,,COMPLETED,80,00:03:17,1374.69M,03:12.875,4800Mc
396555,Q06S200P01DsCUS,dgoncalves,hmem1,COMPLETED,80,00:03:22,,03:16.078,4800Mc
396555.batch,batch,,,COMPLETED,80,00:03:22,4.47M,00:00.341,4800Mc
396555.extern,extern,,,COMPLETED,80,00:03:22,0,00:00:00,4800Mc
396555.0,python3,,,COMPLETED,80,00:03:21,1420.65M,03:15.735,4800Mc
396556,Q06S205P01DsCUS,dgoncalves,hmem1,COMPLETED,80,00:03:43,,03:37.053,4800Mc
396556.batch,batch,,,COMPLETED,80,00:03:43,4.43M,00:00.353,4800Mc
396556.extern,extern,,,COMPLETED,80,00:03:43,0,00:00.001,4800Mc
396556.0,python3,,,COMPLETED,80,00:03:41,1525.65M,03:36.699,4800Mc
396557,Q06S210P01DsCUS,dgoncalves,hmem1,COMPLETED,80,00:03:29,,03:23.100,4800Mc
396557.batch,batch,,,COMPLETED,80,00:03:29,4.43M,00:00.333,4800Mc
396557.extern,extern,,,COMPLETED,80,00:03:29,0,00:00.001,4800Mc
396557.0,python3,,,COMPLETED,80,00:03:27,1507.50M,03:22.765,4800Mc
396558,Q06S215P01DsCUS,dgoncalves,hmem1,COMPLETED,80,00:03:35,,03:28.924,4800Mc
396558.batch,batch,,,COMPLETED,80,00:03:35,4.43M,00:00.330,4800Mc
396558.extern,extern,,,COMPLETED,80,00:03:35,0,00:00.001,4800Mc
396558.0,python3,,,COMPLETED,80,00:03:33,4222.11M,03:28.593,4800Mc
396559,Q06S220P01DsCUS,dgoncalves,hmem1,COMPLETED,80,00:03:42,,03:34.406,4800Mc
396559.batch,batch,,,COMPLETED,80,00:03:42,4.43M,00:00.345,4800Mc
396559.extern,extern,,,COMPLETED,80,00:03:42,0,00:00.001,4800Mc
396559.0,python3,,,COMPLETED,80,00:03:40,2065.62M,03:34.060,4800Mc
396560,Q06S225P01DsCUS,dgoncalves,hmem1,COMPLETED,80,00:03:52,,03:45.353,4800Mc
396560.batch,batch,,,COMPLETED,80,00:03:52,4.43M,00:00.344,4800Mc
396560.extern,extern,,,COMPLETED,80,00:03:52,0,00:00.001,4800Mc
396560.0,python3,,,COMPLETED,80,00:03:51,1561.18M,03:45.008,4800Mc
396561,Q06S230P01DsCUS,dgoncalves,hmem1,COMPLETED,80,00:03:55,,03:47.159,4800Mc
396561.batch,batch,,,COMPLETED,80,00:03:55,4.43M,00:00.320,4800Mc
396561.extern,extern,,,COMPLETED,80,00:03:55,0,00:00:00,4800Mc
396561.0,python3,,,COMPLETED,80,00:03:53,1641.65M,03:46.837,4800Mc
396562,Q06S235P01DsCUS,dgoncalves,hmem1,COMPLETED,80,00:04:01,,03:53.876,4800Mc
396562.batch,batch,,,COMPLETED,80,00:04:01,4.43M,00:00.336,4800Mc
396562.extern,extern,,,COMPLETED,80,00:04:01,0,00:00.001,4800Mc
396562.0,python3,,,COMPLETED,80,00:03:59,1666.22M,03:53.539,4800Mc
396563,Q06S240P01DsCUS,dgoncalves,hmem1,COMPLETED,80,00:04:02,,03:55.283,4800Mc
396563.batch,batch,,,COMPLETED,80,00:04:02,4.43M,00:00.340,4800Mc
396563.extern,extern,,,COMPLETED,80,00:04:02,0,00:00.001,4800Mc
396563.0,python3,,,COMPLETED,80,00:04:00,1700.33M,03:54.942,4800Mc
396564,Q06S245P01DsCUS,dgoncalves,hmem1,COMPLETED,80,00:04:15,,04:07.629,4800Mc
396564.batch,batch,,,COMPLETED,80,00:04:15,4.43M,00:00.338,4800Mc
396564.extern,extern,,,COMPLETED,80,00:04:15,0,00:00.001,4800Mc
396564.0,python3,,,COMPLETED,80,00:04:14,1870.70M,04:07.289,4800Mc
396565,Q06S250P01DsCUS,dgoncalves,hmem1,COMPLETED,80,00:04:12,,04:05.272,4800Mc
396565.batch,batch,,,COMPLETED,80,00:04:12,4.43M,00:00.317,4800Mc
396565.extern,extern,,,COMPLETED,80,00:04:12,0,00:00:00,4800Mc
396565.0,python3,,,COMPLETED,80,00:04:11,2233.45M,04:04.954,4800Mc
396566,Q06S255P01DsCUS,dgoncalves,hmem1,COMPLETED,80,00:04:23,,04:15.816,4800Mc
396566.batch,batch,,,COMPLETED,80,00:04:23,4.43M,00:00.353,4800Mc
396566.extern,extern,,,COMPLETED,80,00:04:23,0,00:00.001,4800Mc
396566.0,python3,,,COMPLETED,80,00:04:22,1811.93M,04:15.462,4800Mc
396567,Q06S260P01DsCUS,dgoncalves,hmem1,COMPLETED,80,00:04:19,,04:11.671,4800Mc
396567.batch,batch,,,COMPLETED,80,00:04:19,4.43M,00:00.336,4800Mc
396567.extern,extern,,,COMPLETED,80,00:04:19,0,00:00:00,4800Mc
396567.0,python3,,,COMPLETED,80,00:04:17,1842.58M,04:11.333,4800Mc
396568,Q06S265P01DsCUS,dgoncalves,hmem1,COMPLETED,80,00:04:28,,04:20.947,4800Mc
396568.batch,batch,,,COMPLETED,80,00:04:28,4.43M,00:00.338,4800Mc
396568.extern,extern,,,COMPLETED,80,00:04:28,0,00:00.001,4800Mc
396568.0,python3,,,COMPLETED,80,00:04:26,1824.14M,04:20.608,4800Mc
396569,Q06S270P01DsCUS,dgoncalves,hmem1,COMPLETED,80,00:04:28,,04:20.884,4800Mc
396569.batch,batch,,,COMPLETED,80,00:04:28,4.43M,00:00.320,4800Mc
396569.extern,extern,,,COMPLETED,80,00:04:28,0,00:00.001,4800Mc
396569.0,python3,,,COMPLETED,80,00:04:27,1856.49M,04:20.562,4800Mc
396570,Q06S275P01DsCUS,dgoncalves,hmem1,COMPLETED,80,00:04:37,,04:29.041,4800Mc
396570.batch,batch,,,COMPLETED,80,00:04:37,4.46M,00:00.337,4800Mc
396570.extern,extern,,,COMPLETED,80,00:04:37,0,00:00:00,4800Mc
396570.0,python3,,,COMPLETED,80,00:04:35,6339.84M,04:28.702,4800Mc
396571,Q06S280P01DsCUS,dgoncalves,hmem1,COMPLETED,80,00:04:39,,04:33.236,4800Mc
396571.batch,batch,,,COMPLETED,80,00:04:39,4.43M,00:00.341,4800Mc
396571.extern,extern,,,COMPLETED,80,00:04:39,0,00:00.001,4800Mc
396571.0,python3,,,COMPLETED,80,00:04:38,3757.64M,04:32.894,4800Mc
396572,Q06S285P01DsCUS,dgoncalves,hmem1,COMPLETED,80,00:05:03,,04:56.749,4800Mc
396572.batch,batch,,,COMPLETED,80,00:05:03,4.43M,00:00.332,4800Mc
396572.extern,extern,,,COMPLETED,80,00:05:04,0,00:00.001,4800Mc
396572.0,python3,,,COMPLETED,80,00:05:02,2013.17M,04:56.415,4800Mc
396573,Q06S290P01DsCUS,dgoncalves,hmem1,COMPLETED,80,00:04:53,,04:45.956,4800Mc
396573.batch,batch,,,COMPLETED,80,00:04:53,4.43M,00:00.332,4800Mc
396573.extern,extern,,,COMPLETED,80,00:04:53,0,00:00.001,4800Mc
396573.0,python3,,,COMPLETED,80,00:04:52,2046.31M,04:45.623,4800Mc
396574,Q06S295P01DsCUS,dgoncalves,hmem1,COMPLETED,80,00:04:57,,04:51.267,4800Mc
396574.batch,batch,,,COMPLETED,80,00:04:57,4.43M,00:00.336,4800Mc
396574.extern,extern,,,COMPLETED,80,00:04:57,0,00:00.001,4800Mc
396574.0,python3,,,COMPLETED,80,00:04:56,2076.69M,04:50.929,4800Mc
396594,Q12S05P01DsCUS,dgoncalves,hmem1,COMPLETED,80,00:16:51,,16:29.881,4800Mc
396594.batch,batch,,,COMPLETED,80,00:16:51,4.43M,00:00.343,4800Mc
396594.extern,extern,,,COMPLETED,80,00:16:51,0,00:00.001,4800Mc
396594.0,python3,,,COMPLETED,80,00:16:50,23866.59M,16:29.536,4800Mc
396595,Q12S105P01DsCUS,dgoncalves,hmem1,FAILED,80,02:58:10,,02:57:51,4800Mc
396595.batch,batch,,,FAILED,80,02:58:10,4.43M,00:00.341,4800Mc
396595.extern,extern,,,COMPLETED,80,02:58:10,0,00:00.001,4800Mc
396595.0,python3,,,CANCELLED,80,02:58:09,122408.51M,02:57:50,4800Mc
396596,Q12S205P01DsCUS,dgoncalves,hmem1,FAILED,80,02:21:41,,02:21:30,4800Mc
396596.batch,batch,,,FAILED,80,02:21:41,4.51M,00:00.333,4800Mc
396596.extern,extern,,,COMPLETED,80,02:21:41,0,00:00:00,4800Mc
396596.0,python3,,,CANCELLED,80,02:21:39,115766.44M,02:21:29,4800Mc
396597,Q12S305P01DsCUS,dgoncalves,hmem1,FAILED,80,02:21:19,,02:21:10,4800Mc
396597.batch,batch,,,FAILED,80,02:21:19,4.43M,00:00.357,4800Mc
396597.extern,extern,,,COMPLETED,80,02:21:19,0,00:00.001,4800Mc
396597.0,python3,,,CANCELLED,80,02:21:18,113416.89M,02:21:09,4800Mc
396598,Q12S405P01DsCUS,dgoncalves,hmem1,CANCELLED by 383200393,80,05:20:07,,05:20:03,4800Mc
396598.batch,batch,,,CANCELLED,80,05:20:19,4.43M,00:00.316,4800Mc
396598.extern,extern,,,COMPLETED,80,05:20:19,0,00:00.001,4800Mc
396598.0,python3,,,CANCELLED,80,05:20:22,266587.62M,05:20:02,4800Mc
396599,Q12S505P01DsCUS,dgoncalves,hmem1,FAILED,80,02:27:15,,02:27:05,4800Mc
396599.batch,batch,,,FAILED,80,02:27:15,4.43M,00:00.354,4800Mc
396599.extern,extern,,,COMPLETED,80,02:27:15,0,00:00.001,4800Mc
396599.0,python3,,,CANCELLED,80,02:27:14,122702.34M,02:27:05,4800Mc
396600,Q12S605P01DsCUS,dgoncalves,hmem1,CANCELLED by 383200393,80,03:05:08,,03:05:08,4800Mc
396600.batch,batch,,,CANCELLED,80,03:05:18,4.43M,00:00.329,4800Mc
396600.extern,extern,,,COMPLETED,80,03:05:16,0,00:00.001,4800Mc
396600.0,python3,,,CANCELLED,80,03:05:18,152290.52M,03:05:08,4800Mc
396601,Q12S705P01DsCUS,dgoncalves,hmem1,CANCELLED by 383200393,80,00:51:10,,51:03.367,4800Mc
396601.batch,batch,,,CANCELLED,80,00:51:15,4.43M,00:00.329,4800Mc
396601.extern,extern,,,COMPLETED,80,00:51:13,0,00:00:00,4800Mc
396601.0,python3,,,CANCELLED,80,00:51:15,58417.81M,51:03.037,4800Mc
396602,Q12S805P01DsCUS,dgoncalves,hmem1,CANCELLED by 383200393,80,00:00:00,,00:00:00,4800Mc
396603,Q12S905P01DsCUS,dgoncalves,hmem1,CANCELLED by 383200393,80,00:00:00,,00:00:00,4800Mc
396604,Q12S1005P01DsCUS,dgoncalves,hmem1,CANCELLED by 383200393,80,00:00:00,,00:00:00,4800Mc
396605,Q12S1105P01DsCUS,dgoncalves,hmem1,CANCELLED by 383200393,80,00:00:00,,00:00:00,4800Mc
396606,Q12S1205P01DsCUS,dgoncalves,hmem1,CANCELLED by 383200393,80,00:00:00,,00:00:00,4800Mc
396607,Q12S1305P01DsCUS,dgoncalves,hmem1,CANCELLED by 383200393,80,00:00:00,,00:00:00,4800Mc
396608,Q12S1405P01DsCUS,dgoncalves,hmem1,CANCELLED by 383200393,80,00:00:00,,00:00:00,4800Mc
396609,Q12S1505P01DsCUS,dgoncalves,hmem1,CANCELLED by 383200393,80,00:00:00,,00:00:00,4800Mc
396610,Q12S1605P01DsCUS,dgoncalves,hmem1,CANCELLED by 383200393,80,00:00:00,,00:00:00,4800Mc
396611,Q12S1705P01DsCUS,dgoncalves,hmem1,CANCELLED by 383200393,80,00:00:00,,00:00:00,4800Mc
396612,Q12S1805P01DsCUS,dgoncalves,hmem1,CANCELLED by 383200393,80,00:00:00,,00:00:00,4800Mc
396613,Q12S1905P01DsCUS,dgoncalves,hmem1,CANCELLED by 383200393,80,00:00:00,,00:00:00,4800Mc
396614,Q12S2005P01DsCUS,dgoncalves,hmem1,CANCELLED by 383200393,80,00:00:00,,00:00:00,4800Mc
396615,Q12S2105P01DsCUS,dgoncalves,hmem1,CANCELLED by 383200393,80,00:00:00,,00:00:00,4800Mc
396616,Q12S2205P01DsCUS,dgoncalves,hmem1,CANCELLED by 383200393,80,00:00:00,,00:00:00,4800Mc
396617,Q12S2305P01DsCUS,dgoncalves,hmem1,CANCELLED by 383200393,80,00:00:00,,00:00:00,4800Mc
396618,Q12S2405P01DsCUS,dgoncalves,hmem1,CANCELLED by 383200393,80,00:00:00,,00:00:00,4800Mc
396619,Q12S2505P01DsCUS,dgoncalves,hmem1,CANCELLED by 383200393,80,00:00:00,,00:00:00,4800Mc
396620,Q12S2605P01DsCUS,dgoncalves,hmem1,CANCELLED by 383200393,80,00:00:00,,00:00:00,4800Mc
396621,Q12S2705P01DsCUS,dgoncalves,hmem1,CANCELLED by 383200393,80,00:00:00,,00:00:00,4800Mc
396622,Q12S2805P01DsCUS,dgoncalves,hmem1,CANCELLED by 383200393,80,00:00:00,,00:00:00,4800Mc
396623,Q12S2905P01DsCUS,dgoncalves,hmem1,CANCELLED by 383200393,80,00:00:00,,00:00:00,4800Mc
396624,Q12S3005P01DsCUS,dgoncalves,hmem1,CANCELLED by 383200393,80,00:00:00,,00:00:00,4800Mc
396625,Q12S3105P01DsCUS,dgoncalves,hmem1,CANCELLED by 383200393,80,00:00:00,,00:00:00,4800Mc
396626,Q12S3205P01DsCUS,dgoncalves,hmem1,CANCELLED by 383200393,80,00:00:00,,00:00:00,4800Mc
396627,Q12S3305P01DsCUS,dgoncalves,hmem1,CANCELLED by 383200393,80,00:00:00,,00:00:00,4800Mc
396628,Q12S3405P01DsCUS,dgoncalves,hmem1,CANCELLED by 383200393,80,00:00:00,,00:00:00,4800Mc
396629,Q12S3505P01DsCUS,dgoncalves,hmem1,CANCELLED by 383200393,80,00:00:00,,00:00:00,4800Mc
396630,Q12S3605P01DsCUS,dgoncalves,hmem1,CANCELLED by 383200393,80,00:00:00,,00:00:00,4800Mc
396631,Q12S3705P01DsCUS,dgoncalves,hmem1,CANCELLED by 383200393,80,00:00:00,,00:00:00,4800Mc
396632,Q12S3805P01DsCUS,dgoncalves,hmem1,CANCELLED by 383200393,80,00:00:00,,00:00:00,4800Mc
396633,Q12S3905P01DsCUS,dgoncalves,hmem1,CANCELLED by 383200393,80,00:00:00,,00:00:00,4800Mc
396634,Q12S4005P01DsCUS,dgoncalves,hmem1,CANCELLED by 383200393,80,00:00:00,,00:00:00,4800Mc
396635,Q12S4105P01DsCUS,dgoncalves,hmem1,CANCELLED by 383200393,80,00:00:00,,00:00:00,4800Mc
396636,Q12S4205P01DsCUS,dgoncalves,hmem1,CANCELLED by 383200393,80,00:00:00,,00:00:00,4800Mc
396637,Q12S4305P01DsCUS,dgoncalves,hmem1,CANCELLED by 383200393,80,00:00:00,,00:00:00,4800Mc
396638,Q12S4405P01DsCUS,dgoncalves,hmem1,CANCELLED by 383200393,80,00:00:00,,00:00:00,4800Mc
396639,Q12S4505P01DsCUS,dgoncalves,hmem1,CANCELLED by 383200393,80,00:00:00,,00:00:00,4800Mc
396640,Q12S4605P01DsCUS,dgoncalves,hmem1,CANCELLED by 383200393,80,00:00:00,,00:00:00,4800Mc
396641,Q12S4705P01DsCUS,dgoncalves,hmem1,CANCELLED by 383200393,80,00:00:00,,00:00:00,4800Mc
396642,Q12S4805P01DsCUS,dgoncalves,hmem1,CANCELLED by 383200393,80,00:00:00,,00:00:00,4800Mc
396643,Q12S4905P01DsCUS,dgoncalves,hmem1,CANCELLED by 383200393,80,00:00:00,,00:00:00,4800Mc
396644,Q12S5005P01DsCUS,dgoncalves,hmem1,CANCELLED by 383200393,80,00:00:00,,00:00:00,4800Mc
396645,Q12S5105P01DsCUS,dgoncalves,hmem1,CANCELLED by 383200393,80,00:00:00,,00:00:00,4800Mc
396646,Q12S5205P01DsCUS,dgoncalves,hmem1,CANCELLED by 383200393,80,00:00:00,,00:00:00,4800Mc
396647,Q12S5305P01DsCUS,dgoncalves,hmem1,CANCELLED by 383200393,80,00:00:00,,00:00:00,4800Mc
396648,Q12S5405P01DsCUS,dgoncalves,hmem1,CANCELLED by 383200393,80,00:00:00,,00:00:00,4800Mc
396649,Q12S5505P01DsCUS,dgoncalves,hmem1,CANCELLED by 383200393,80,00:00:00,,00:00:00,4800Mc
396650,Q12S5605P01DsCUS,dgoncalves,hmem1,CANCELLED by 383200393,80,00:00:00,,00:00:00,4800Mc
396651,Q12S5705P01DsCUS,dgoncalves,hmem1,CANCELLED by 383200393,80,00:00:00,,00:00:00,4800Mc
396652,Q12S5805P01DsCUS,dgoncalves,hmem1,CANCELLED by 383200393,80,00:00:00,,00:00:00,4800Mc
396653,Q12S5905P01DsCUS,dgoncalves,hmem1,CANCELLED by 383200393,80,00:00:00,,00:00:00,4800Mc
396654,Q12S6005P01DsCUS,dgoncalves,hmem1,CANCELLED by 383200393,80,00:00:00,,00:00:00,4800Mc
396655,Q12S6105P01DsCUS,dgoncalves,hmem1,CANCELLED by 383200393,80,00:00:00,,00:00:00,4800Mc
396656,Q12S6205P01DsCUS,dgoncalves,hmem1,CANCELLED by 383200393,80,00:00:00,,00:00:00,4800Mc
396657,Q12S6305P01DsCUS,dgoncalves,hmem1,CANCELLED by 383200393,80,00:00:00,,00:00:00,4800Mc
396658,Q12S6405P01DsCUS,dgoncalves,hmem1,CANCELLED by 383200393,80,00:00:00,,00:00:00,4800Mc
396659,Q12S6505P01DsCUS,dgoncalves,hmem1,CANCELLED by 383200393,80,00:00:00,,00:00:00,4800Mc
396660,Q12S6605P01DsCUS,dgoncalves,hmem1,CANCELLED by 383200393,80,00:00:00,,00:00:00,4800Mc
396661,Q12S6705P01DsCUS,dgoncalves,hmem1,CANCELLED by 383200393,80,00:00:00,,00:00:00,4800Mc
396662,Q12S6805P01DsCUS,dgoncalves,hmem1,CANCELLED by 383200393,80,00:00:00,,00:00:00,4800Mc
396663,Q12S6905P01DsCUS,dgoncalves,hmem1,CANCELLED by 383200393,80,00:00:00,,00:00:00,4800Mc
396664,Q12S7005P01DsCUS,dgoncalves,hmem1,CANCELLED by 383200393,80,00:00:00,,00:00:00,4800Mc
396665,Q12S7105P01DsCUS,dgoncalves,hmem1,CANCELLED by 383200393,80,00:00:00,,00:00:00,4800Mc
396666,Q12S7205P01DsCUS,dgoncalves,hmem1,CANCELLED by 383200393,80,00:00:00,,00:00:00,4800Mc
396667,Q12S7305P01DsCUS,dgoncalves,hmem1,CANCELLED by 383200393,80,00:00:00,,00:00:00,4800Mc
396668,Q12S7405P01DsCUS,dgoncalves,hmem1,CANCELLED by 383200393,80,00:00:00,,00:00:00,4800Mc
396669,Q12S7505P01DsCUS,dgoncalves,hmem1,CANCELLED by 383200393,80,00:00:00,,00:00:00,4800Mc
396670,Q12S7605P01DsCUS,dgoncalves,hmem1,CANCELLED by 383200393,80,00:00:00,,00:00:00,4800Mc
396671,Q12S7705P01DsCUS,dgoncalves,hmem1,CANCELLED by 383200393,80,00:00:00,,00:00:00,4800Mc
396672,Q12S7805P01DsCUS,dgoncalves,hmem1,CANCELLED by 383200393,80,00:00:00,,00:00:00,4800Mc
396673,Q12S7905P01DsCUS,dgoncalves,hmem1,CANCELLED by 383200393,80,00:00:00,,00:00:00,4800Mc
396674,Q12S8005P01DsCUS,dgoncalves,hmem1,CANCELLED by 383200393,80,00:00:00,,00:00:00,4800Mc
396675,Q12S8105P01DsCUS,dgoncalves,hmem1,CANCELLED by 383200393,80,00:00:00,,00:00:00,4800Mc
396676,Q12S8205P01DsCUS,dgoncalves,hmem1,CANCELLED by 383200393,80,00:00:00,,00:00:00,4800Mc
396677,Q12S8305P01DsCUS,dgoncalves,hmem1,CANCELLED by 383200393,80,00:00:00,,00:00:00,4800Mc
396678,Q12S8405P01DsCUS,dgoncalves,hmem1,CANCELLED by 383200393,80,00:00:00,,00:00:00,4800Mc
396679,Q12S8505P01DsCUS,dgoncalves,hmem1,CANCELLED by 383200393,80,00:00:00,,00:00:00,4800Mc
396680,Q12S8605P01DsCUS,dgoncalves,hmem1,CANCELLED by 383200393,80,00:00:00,,00:00:00,4800Mc
396681,Q12S8705P01DsCUS,dgoncalves,hmem1,CANCELLED by 383200393,80,00:00:00,,00:00:00,4800Mc
396682,Q12S8805P01DsCUS,dgoncalves,hmem1,CANCELLED by 383200393,80,00:00:00,,00:00:00,4800Mc
396683,Q12S8905P01DsCUS,dgoncalves,hmem1,CANCELLED by 383200393,80,00:00:00,,00:00:00,4800Mc
396684,Q12S9005P01DsCUS,dgoncalves,hmem1,CANCELLED by 383200393,80,00:00:00,,00:00:00,4800Mc
396685,Q12S9105P01DsCUS,dgoncalves,hmem1,CANCELLED by 383200393,80,00:00:00,,00:00:00,4800Mc
396686,Q12S9205P01DsCUS,dgoncalves,hmem1,CANCELLED by 383200393,80,00:00:00,,00:00:00,4800Mc
396687,Q12S9305P01DsCUS,dgoncalves,hmem1,CANCELLED by 383200393,80,00:00:00,,00:00:00,4800Mc
396688,Q12S9405P01DsCUS,dgoncalves,hmem1,CANCELLED by 383200393,80,00:00:00,,00:00:00,4800Mc
396689,Q12S9505P01DsCUS,dgoncalves,hmem1,CANCELLED by 383200393,80,00:00:00,,00:00:00,4800Mc
396690,Q12S9605P01DsCUS,dgoncalves,hmem1,CANCELLED by 383200393,80,00:00:00,,00:00:00,4800Mc
396691,Q12S9705P01DsCUS,dgoncalves,hmem1,CANCELLED by 383200393,80,00:00:00,,00:00:00,4800Mc
396692,Q12S9805P01DsCUS,dgoncalves,hmem1,CANCELLED by 383200393,80,00:00:00,,00:00:00,4800Mc
396693,Q12S9905P01DsCUS,dgoncalves,hmem1,CANCELLED by 383200393,80,00:00:00,,00:00:00,4800Mc
396694,Q12S10005P01DsCUS,dgoncalves,hmem1,CANCELLED by 383200393,80,00:00:00,,00:00:00,4800Mc
396695,Q12S10105P01DsCUS,dgoncalves,hmem1,CANCELLED by 383200393,80,00:00:00,,00:00:00,4800Mc
396696,Q12S10205P01DsCUS,dgoncalves,hmem1,CANCELLED by 383200393,80,00:00:00,,00:00:00,4800Mc
396697,Q12S10305P01DsCUS,dgoncalves,hmem1,CANCELLED by 383200393,80,00:00:00,,00:00:00,4800Mc
396698,Q12S10405P01DsCUS,dgoncalves,hmem1,CANCELLED by 383200393,80,00:00:00,,00:00:00,4800Mc
396699,Q12S10505P01DsCUS,dgoncalves,hmem1,CANCELLED by 383200393,80,00:00:00,,00:00:00,4800Mc
396700,Q12S10605P01DsCUS,dgoncalves,hmem1,CANCELLED by 383200393,80,00:00:00,,00:00:00,4800Mc
396701,Q12S10705P01DsCUS,dgoncalves,hmem1,CANCELLED by 383200393,80,00:00:00,,00:00:00,4800Mc
396702,Q12S10805P01DsCUS,dgoncalves,hmem1,CANCELLED by 383200393,80,00:00:00,,00:00:00,4800Mc
396703,Q12S10905P01DsCUS,dgoncalves,hmem1,CANCELLED by 383200393,80,00:00:00,,00:00:00,4800Mc
396704,Q12S11005P01DsCUS,dgoncalves,hmem1,CANCELLED by 383200393,80,00:00:00,,00:00:00,4800Mc
396705,Q12S11105P01DsCUS,dgoncalves,hmem1,CANCELLED by 383200393,80,00:00:00,,00:00:00,4800Mc
396706,Q12S11205P01DsCUS,dgoncalves,hmem1,CANCELLED by 383200393,80,00:00:00,,00:00:00,4800Mc
396707,Q12S11305P01DsCUS,dgoncalves,hmem1,CANCELLED by 383200393,80,00:00:00,,00:00:00,4800Mc
396708,Q12S11405P01DsCUS,dgoncalves,hmem1,CANCELLED by 383200393,80,00:00:00,,00:00:00,4800Mc
396709,Q12S11505P01DsCUS,dgoncalves,hmem1,CANCELLED by 383200393,80,00:00:00,,00:00:00,4800Mc
396710,Q12S11605P01DsCUS,dgoncalves,hmem1,CANCELLED by 383200393,80,00:00:00,,00:00:00,4800Mc
396711,Q12S11705P01DsCUS,dgoncalves,hmem1,CANCELLED by 383200393,80,00:00:00,,00:00:00,4800Mc
396712,Q12S11805P01DsCUS,dgoncalves,hmem1,CANCELLED by 383200393,80,00:00:00,,00:00:00,4800Mc
396713,Q12S11905P01DsCUS,dgoncalves,hmem1,CANCELLED by 383200393,80,00:00:00,,00:00:00,4800Mc
396714,Q12S12005P01DsCUS,dgoncalves,hmem1,CANCELLED by 383200393,80,00:00:00,,00:00:00,4800Mc
396715,Q12S12105P01DsCUS,dgoncalves,hmem1,CANCELLED by 383200393,80,00:00:00,,00:00:00,4800Mc
396716,Q12S12205P01DsCUS,dgoncalves,hmem1,CANCELLED by 383200393,80,00:00:00,,00:00:00,4800Mc
396717,Q12S12305P01DsCUS,dgoncalves,hmem1,CANCELLED by 383200393,80,00:00:00,,00:00:00,4800Mc
396718,Q12S12405P01DsCUS,dgoncalves,hmem1,CANCELLED by 383200393,80,00:00:00,,00:00:00,4800Mc
396719,Q12S12505P01DsCUS,dgoncalves,hmem1,CANCELLED by 383200393,80,00:00:00,,00:00:00,4800Mc
396720,Q12S12605P01DsCUS,dgoncalves,hmem1,CANCELLED by 383200393,80,00:00:00,,00:00:00,4800Mc
396721,Q12S12705P01DsCUS,dgoncalves,hmem1,CANCELLED by 383200393,80,00:00:00,,00:00:00,4800Mc
396722,Q12S12805P01DsCUS,dgoncalves,hmem1,CANCELLED by 383200393,80,00:00:00,,00:00:00,4800Mc
396723,Q12S12905P01DsCUS,dgoncalves,hmem1,CANCELLED by 383200393,80,00:00:00,,00:00:00,4800Mc
396724,Q12S13005P01DsCUS,dgoncalves,hmem1,CANCELLED by 383200393,80,00:00:00,,00:00:00,4800Mc
396725,Q12S13105P01DsCUS,dgoncalves,hmem1,CANCELLED by 383200393,80,00:00:00,,00:00:00,4800Mc
396726,Q12S13205P01DsCUS,dgoncalves,hmem1,CANCELLED by 383200393,80,00:00:00,,00:00:00,4800Mc
396727,Q12S13305P01DsCUS,dgoncalves,hmem1,CANCELLED by 383200393,80,00:00:00,,00:00:00,4800Mc
396728,Q12S13405P01DsCUS,dgoncalves,hmem1,CANCELLED by 383200393,80,00:00:00,,00:00:00,4800Mc
396729,Q12S13505P01DsCUS,dgoncalves,hmem1,CANCELLED by 383200393,80,00:00:00,,00:00:00,4800Mc
396730,Q12S13605P01DsCUS,dgoncalves,hmem1,CANCELLED by 383200393,80,00:00:00,,00:00:00,4800Mc
396731,Q12S13705P01DsCUS,dgoncalves,hmem1,CANCELLED by 383200393,80,00:00:00,,00:00:00,4800Mc
396732,Q12S13805P01DsCUS,dgoncalves,hmem1,CANCELLED by 383200393,80,00:00:00,,00:00:00,4800Mc
396733,Q12S13905P01DsCUS,dgoncalves,hmem1,CANCELLED by 383200393,80,00:00:00,,00:00:00,4800Mc
396734,Q12S14005P01DsCUS,dgoncalves,hmem1,CANCELLED by 383200393,80,00:00:00,,00:00:00,4800Mc
396735,Q12S14105P01DsCUS,dgoncalves,hmem1,CANCELLED by 383200393,80,00:00:00,,00:00:00,4800Mc
396736,Q12S14205P01DsCUS,dgoncalves,hmem1,CANCELLED by 383200393,80,00:00:00,,00:00:00,4800Mc
396737,Q12S14305P01DsCUS,dgoncalves,hmem1,CANCELLED by 383200393,80,00:00:00,,00:00:00,4800Mc
396738,Q12S14405P01DsCUS,dgoncalves,hmem1,CANCELLED by 383200393,80,00:00:00,,00:00:00,4800Mc
396739,Q12S14505P01DsCUS,dgoncalves,hmem1,CANCELLED by 383200393,80,00:00:00,,00:00:00,4800Mc
396740,Q12S14605P01DsCUS,dgoncalves,hmem1,CANCELLED by 383200393,80,00:00:00,,00:00:00,4800Mc
396741,Q12S14705P01DsCUS,dgoncalves,hmem1,CANCELLED by 383200393,80,00:00:00,,00:00:00,4800Mc
396742,Q12S14805P01DsCUS,dgoncalves,hmem1,CANCELLED by 383200393,80,00:00:00,,00:00:00,4800Mc
396743,Q12S14905P01DsCUS,dgoncalves,hmem1,CANCELLED by 383200393,80,00:00:00,,00:00:00,4800Mc
396744,Q12S15005P01DsCUS,dgoncalves,hmem1,CANCELLED by 383200393,80,00:00:00,,00:00:00,4800Mc
396745,Q12S15105P01DsCUS,dgoncalves,hmem1,CANCELLED by 383200393,80,00:00:00,,00:00:00,4800Mc
396746,Q12S15205P01DsCUS,dgoncalves,hmem1,CANCELLED by 383200393,80,00:00:00,,00:00:00,4800Mc
396747,Q12S15305P01DsCUS,dgoncalves,hmem1,CANCELLED by 383200393,80,00:00:00,,00:00:00,4800Mc
396748,Q12S15405P01DsCUS,dgoncalves,hmem1,CANCELLED by 383200393,80,00:00:00,,00:00:00,4800Mc
396749,Q12S15505P01DsCUS,dgoncalves,hmem1,CANCELLED by 383200393,80,00:00:00,,00:00:00,4800Mc
396750,Q12S15605P01DsCUS,dgoncalves,hmem1,CANCELLED by 383200393,80,00:00:00,,00:00:00,4800Mc
396751,Q12S15705P01DsCUS,dgoncalves,hmem1,CANCELLED by 383200393,80,00:00:00,,00:00:00,4800Mc
396752,Q12S15805P01DsCUS,dgoncalves,hmem1,CANCELLED by 383200393,80,00:00:00,,00:00:00,4800Mc
396753,Q12S15905P01DsCUS,dgoncalves,hmem1,CANCELLED by 383200393,80,00:00:00,,00:00:00,4800Mc
396754,Q12S16005P01DsCUS,dgoncalves,hmem1,CANCELLED by 383200393,80,00:00:00,,00:00:00,4800Mc
396755,Q12S16105P01DsCUS,dgoncalves,hmem1,CANCELLED by 383200393,80,00:00:00,,00:00:00,4800Mc
396756,Q12S16205P01DsCUS,dgoncalves,hmem1,CANCELLED by 383200393,80,00:00:00,,00:00:00,4800Mc
396757,Q12S16305P01DsCUS,dgoncalves,hmem1,CANCELLED by 383200393,80,00:00:00,,00:00:00,4800Mc
396758,Q06S05P01DaCUS,dgoncalves,hmem1,CANCELLED by 383200393,80,00:00:00,,00:00:00,4800Mc
396759,Q06S10P01DaCUS,dgoncalves,hmem1,CANCELLED by 383200393,80,00:00:00,,00:00:00,4800Mc
396760,Q06S15P01DaCUS,dgoncalves,hmem1,CANCELLED by 383200393,80,00:00:00,,00:00:00,4800Mc
396761,Q06S20P01DaCUS,dgoncalves,hmem1,CANCELLED by 383200393,80,00:00:00,,00:00:00,4800Mc
396762,Q06S25P01DaCUS,dgoncalves,hmem1,CANCELLED by 383200393,80,00:00:00,,00:00:00,4800Mc
396763,Q06S30P01DaCUS,dgoncalves,hmem1,CANCELLED by 383200393,80,00:00:00,,00:00:00,4800Mc
396764,Q06S35P01DaCUS,dgoncalves,hmem1,CANCELLED by 383200393,80,00:00:00,,00:00:00,4800Mc
396765,Q06S40P01DaCUS,dgoncalves,hmem1,CANCELLED by 383200393,80,00:00:00,,00:00:00,4800Mc
396766,Q06S45P01DaCUS,dgoncalves,hmem1,CANCELLED by 383200393,80,00:00:00,,00:00:00,4800Mc
396767,Q06S50P01DaCUS,dgoncalves,hmem1,CANCELLED by 383200393,80,00:00:00,,00:00:00,4800Mc
396768,Q06S55P01DaCUS,dgoncalves,hmem1,CANCELLED by 383200393,80,00:00:00,,00:00:00,4800Mc
396769,Q06S60P01DaCUS,dgoncalves,hmem1,CANCELLED by 383200393,80,00:00:00,,00:00:00,4800Mc
396770,Q06S65P01DaCUS,dgoncalves,hmem1,CANCELLED by 383200393,80,00:00:00,,00:00:00,4800Mc
396771,Q06S70P01DaCUS,dgoncalves,hmem1,CANCELLED by 383200393,80,00:00:00,,00:00:00,4800Mc
396772,Q06S75P01DaCUS,dgoncalves,hmem1,CANCELLED by 383200393,80,00:00:00,,00:00:00,4800Mc
396773,Q06S80P01DaCUS,dgoncalves,hmem1,CANCELLED by 383200393,80,00:00:00,,00:00:00,4800Mc
396774,Q06S85P01DaCUS,dgoncalves,hmem1,CANCELLED by 383200393,80,00:00:00,,00:00:00,4800Mc
396775,Q06S90P01DaCUS,dgoncalves,hmem1,CANCELLED by 383200393,80,00:00:00,,00:00:00,4800Mc
396776,Q06S95P01DaCUS,dgoncalves,hmem1,CANCELLED by 383200393,80,00:00:00,,00:00:00,4800Mc
396777,Q06S100P01DaCUS,dgoncalves,hmem1,CANCELLED by 383200393,80,00:00:00,,00:00:00,4800Mc
396778,Q06S105P01DaCUS,dgoncalves,hmem1,CANCELLED by 383200393,80,00:00:00,,00:00:00,4800Mc
396779,Q06S110P01DaCUS,dgoncalves,hmem1,CANCELLED by 383200393,80,00:00:00,,00:00:00,4800Mc
396780,Q06S115P01DaCUS,dgoncalves,hmem1,CANCELLED by 383200393,80,00:00:00,,00:00:00,4800Mc
396781,Q06S120P01DaCUS,dgoncalves,hmem1,CANCELLED by 383200393,80,00:00:00,,00:00:00,4800Mc
396782,Q06S125P01DaCUS,dgoncalves,hmem1,CANCELLED by 383200393,80,00:00:00,,00:00:00,4800Mc
396783,Q06S130P01DaCUS,dgoncalves,hmem1,CANCELLED by 383200393,80,00:00:00,,00:00:00,4800Mc
396784,Q06S135P01DaCUS,dgoncalves,hmem1,CANCELLED by 383200393,80,00:00:00,,00:00:00,4800Mc
396785,Q06S140P01DaCUS,dgoncalves,hmem1,CANCELLED by 383200393,80,00:00:00,,00:00:00,4800Mc
396786,Q06S145P01DaCUS,dgoncalves,hmem1,CANCELLED by 383200393,80,00:00:00,,00:00:00,4800Mc
396787,Q06S150P01DaCUS,dgoncalves,hmem1,CANCELLED by 383200393,80,00:00:00,,00:00:00,4800Mc
396788,Q06S155P01DaCUS,dgoncalves,hmem1,CANCELLED by 383200393,80,00:00:00,,00:00:00,4800Mc
396789,Q06S160P01DaCUS,dgoncalves,hmem1,CANCELLED by 383200393,80,00:00:00,,00:00:00,4800Mc
396790,Q06S165P01DaCUS,dgoncalves,hmem1,CANCELLED by 383200393,80,00:00:00,,00:00:00,4800Mc
396791,Q06S170P01DaCUS,dgoncalves,hmem1,CANCELLED by 383200393,80,00:00:00,,00:00:00,4800Mc
396792,Q06S175P01DaCUS,dgoncalves,hmem1,CANCELLED by 383200393,80,00:00:00,,00:00:00,4800Mc
396793,Q06S180P01DaCUS,dgoncalves,hmem1,CANCELLED by 383200393,80,00:00:00,,00:00:00,4800Mc
396794,Q06S185P01DaCUS,dgoncalves,hmem1,CANCELLED by 383200393,80,00:00:00,,00:00:00,4800Mc
396795,Q06S190P01DaCUS,dgoncalves,hmem1,CANCELLED by 383200393,80,00:00:00,,00:00:00,4800Mc
396796,Q06S195P01DaCUS,dgoncalves,hmem1,CANCELLED by 383200393,80,00:00:00,,00:00:00,4800Mc
396797,Q06S200P01DaCUS,dgoncalves,hmem1,CANCELLED by 383200393,80,00:00:00,,00:00:00,4800Mc
396798,Q06S205P01DaCUS,dgoncalves,hmem1,CANCELLED by 383200393,80,00:00:00,,00:00:00,4800Mc
396799,Q06S210P01DaCUS,dgoncalves,hmem1,CANCELLED by 383200393,80,00:00:00,,00:00:00,4800Mc
396800,Q06S215P01DaCUS,dgoncalves,hmem1,CANCELLED by 383200393,80,00:00:00,,00:00:00,4800Mc
396801,Q06S220P01DaCUS,dgoncalves,hmem1,CANCELLED by 383200393,80,00:00:00,,00:00:00,4800Mc
396802,Q06S225P01DaCUS,dgoncalves,hmem1,CANCELLED by 383200393,80,00:00:00,,00:00:00,4800Mc
396803,Q06S230P01DaCUS,dgoncalves,hmem1,CANCELLED by 383200393,80,00:00:00,,00:00:00,4800Mc
396804,Q06S235P01DaCUS,dgoncalves,hmem1,CANCELLED by 383200393,80,00:00:00,,00:00:00,4800Mc
396805,Q06S240P01DaCUS,dgoncalves,hmem1,CANCELLED by 383200393,80,00:00:00,,00:00:00,4800Mc
396806,Q06S245P01DaCUS,dgoncalves,hmem1,CANCELLED by 383200393,80,00:00:00,,00:00:00,4800Mc
396807,Q06S250P01DaCUS,dgoncalves,hmem1,CANCELLED by 383200393,80,00:00:00,,00:00:00,4800Mc
396808,Q06S255P01DaCUS,dgoncalves,hmem1,CANCELLED by 383200393,80,00:00:00,,00:00:00,4800Mc
396809,Q06S260P01DaCUS,dgoncalves,hmem1,CANCELLED by 383200393,80,00:00:00,,00:00:00,4800Mc
396810,Q06S265P01DaCUS,dgoncalves,hmem1,CANCELLED by 383200393,80,00:00:00,,00:00:00,4800Mc
396811,Q06S270P01DaCUS,dgoncalves,hmem1,CANCELLED by 383200393,80,00:00:00,,00:00:00,4800Mc
396812,Q06S275P01DaCUS,dgoncalves,hmem1,CANCELLED by 383200393,80,00:00:00,,00:00:00,4800Mc
396813,Q06S280P01DaCUS,dgoncalves,hmem1,CANCELLED by 383200393,80,00:00:00,,00:00:00,4800Mc
396814,Q06S285P01DaCUS,dgoncalves,hmem1,CANCELLED by 383200393,80,00:00:00,,00:00:00,4800Mc
396815,Q06S290P01DaCUS,dgoncalves,hmem1,CANCELLED by 383200393,80,00:00:00,,00:00:00,4800Mc
396816,Q06S295P01DaCUS,dgoncalves,hmem1,CANCELLED by 383200393,80,00:00:00,,00:00:00,4800Mc
397325,Q06S05P01DaCUS,dgoncalves,hmem1,COMPLETED,80,00:00:20,,00:07.925,4800Mc
397325.batch,batch,,,COMPLETED,80,00:00:20,0,00:00.348,4800Mc
397325.extern,extern,,,COMPLETED,80,00:00:20,0,00:00:00,4800Mc
397325.0,python3,,,COMPLETED,80,00:00:18,0,00:07.576,4800Mc
397326,Q06S10P01DaCUS,dgoncalves,hmem1,COMPLETED,80,00:00:23,,00:12.893,4800Mc
397326.batch,batch,,,COMPLETED,80,00:00:23,0,00:00.351,4800Mc
397326.extern,extern,,,COMPLETED,80,00:00:23,0,00:00.001,4800Mc
397326.0,python3,,,COMPLETED,80,00:00:21,0,00:12.539,4800Mc
397327,Q06S15P01DaCUS,dgoncalves,hmem1,COMPLETED,80,00:00:29,,00:17.573,4800Mc
397327.batch,batch,,,COMPLETED,80,00:00:29,0,00:00.344,4800Mc
397327.extern,extern,,,COMPLETED,80,00:00:29,0,00:00.001,4800Mc
397327.0,python3,,,COMPLETED,80,00:00:27,0,00:17.227,4800Mc
397328,Q06S20P01DaCUS,dgoncalves,hmem1,COMPLETED,80,00:00:29,,00:22.060,4800Mc
397328.batch,batch,,,COMPLETED,80,00:00:29,0,00:00.329,4800Mc
397328.extern,extern,,,COMPLETED,80,00:00:29,0,00:00.001,4800Mc
397328.0,python3,,,COMPLETED,80,00:00:28,0,00:21.729,4800Mc
397329,Q06S25P01DaCUS,dgoncalves,hmem1,COMPLETED,80,00:00:34,,00:26.946,4800Mc
397329.batch,batch,,,COMPLETED,80,00:00:34,4.43M,00:00.332,4800Mc
397329.extern,extern,,,COMPLETED,80,00:00:34,0,00:00:00,4800Mc
397329.0,python3,,,COMPLETED,80,00:00:32,337.15M,00:26.613,4800Mc
397330,Q06S30P01DaCUS,dgoncalves,hmem1,COMPLETED,80,00:00:38,,00:31.600,4800Mc
397330.batch,batch,,,COMPLETED,80,00:00:38,4.43M,00:00.331,4800Mc
397330.extern,extern,,,COMPLETED,80,00:00:38,0,00:00.001,4800Mc
397330.0,python3,,,COMPLETED,80,00:00:36,335.48M,00:31.267,4800Mc
397331,Q06S35P01DaCUS,dgoncalves,hmem1,COMPLETED,80,00:00:43,,00:36.717,4800Mc
397331.batch,batch,,,COMPLETED,80,00:00:43,4.43M,00:00.334,4800Mc
397331.extern,extern,,,COMPLETED,80,00:00:43,0,00:00.001,4800Mc
397331.0,python3,,,COMPLETED,80,00:00:42,367.06M,00:36.381,4800Mc
397332,Q06S40P01DaCUS,dgoncalves,hmem1,COMPLETED,80,00:00:48,,00:41.616,4800Mc
397332.batch,batch,,,COMPLETED,80,00:00:48,4.43M,00:00.341,4800Mc
397332.extern,extern,,,COMPLETED,80,00:00:48,0,00:00.001,4800Mc
397332.0,python3,,,COMPLETED,80,00:00:46,390.41M,00:41.273,4800Mc
397333,Q06S45P01DaCUS,dgoncalves,hmem1,COMPLETED,80,00:00:53,,00:46.659,4800Mc
397333.batch,batch,,,COMPLETED,80,00:00:53,4.44M,00:00.336,4800Mc
397333.extern,extern,,,COMPLETED,80,00:00:53,0,00:00.001,4800Mc
397333.0,python3,,,COMPLETED,80,00:00:51,413.81M,00:46.322,4800Mc
397334,Q06S50P01DaCUS,dgoncalves,hmem1,COMPLETED,80,00:00:58,,00:51.276,4800Mc
397334.batch,batch,,,COMPLETED,80,00:00:58,4.43M,00:00.336,4800Mc
397334.extern,extern,,,COMPLETED,80,00:00:58,0,00:00.001,4800Mc
397334.0,python3,,,COMPLETED,80,00:00:56,438.02M,00:50.938,4800Mc
397335,Q06S55P01DaCUS,dgoncalves,hmem1,COMPLETED,80,00:01:02,,00:55.767,4800Mc
397335.batch,batch,,,COMPLETED,80,00:01:02,4.43M,00:00.329,4800Mc
397335.extern,extern,,,COMPLETED,80,00:01:02,0,00:00:00,4800Mc
397335.0,python3,,,COMPLETED,80,00:01:00,447.07M,00:55.437,4800Mc
397336,Q06S60P01DaCUS,dgoncalves,hmem1,COMPLETED,80,00:01:06,,01:00.352,4800Mc
397336.batch,batch,,,COMPLETED,80,00:01:06,4.44M,00:00.323,4800Mc
397336.extern,extern,,,COMPLETED,80,00:01:06,0,00:00.001,4800Mc
397336.0,python3,,,COMPLETED,80,00:01:05,506.68M,01:00.027,4800Mc
397337,Q06S65P01DaCUS,dgoncalves,hmem1,COMPLETED,80,00:01:12,,01:06.235,4800Mc
397337.batch,batch,,,COMPLETED,80,00:01:12,4.43M,00:00.335,4800Mc
397337.extern,extern,,,COMPLETED,80,00:01:12,0,00:00.001,4800Mc
397337.0,python3,,,COMPLETED,80,00:01:11,563.10M,01:05.897,4800Mc
397338,Q06S70P01DaCUS,dgoncalves,hmem1,COMPLETED,80,00:01:17,,01:11.142,4800Mc
397338.batch,batch,,,COMPLETED,80,00:01:17,4.43M,00:00.338,4800Mc
397338.extern,extern,,,COMPLETED,80,00:01:17,0,00:00.001,4800Mc
397338.0,python3,,,COMPLETED,80,00:01:16,600.60M,01:10.802,4800Mc
397339,Q06S75P01DaCUS,dgoncalves,hmem1,COMPLETED,80,00:01:22,,01:15.065,4800Mc
397339.batch,batch,,,COMPLETED,80,00:01:22,4.43M,00:00.335,4800Mc
397339.extern,extern,,,COMPLETED,80,00:01:22,0,00:00.001,4800Mc
397339.0,python3,,,COMPLETED,80,00:01:21,636.78M,01:14.728,4800Mc
397340,Q06S80P01DaCUS,dgoncalves,hmem1,COMPLETED,80,00:01:27,,01:20.088,4800Mc
397340.batch,batch,,,COMPLETED,80,00:01:27,4.43M,00:00.338,4800Mc
397340.extern,extern,,,COMPLETED,80,00:01:27,0,00:00.001,4800Mc
397340.0,python3,,,COMPLETED,80,00:01:25,664.25M,01:19.748,4800Mc
397341,Q06S85P01DaCUS,dgoncalves,hmem1,COMPLETED,80,00:01:32,,01:24.469,4800Mc
397341.batch,batch,,,COMPLETED,80,00:01:32,4.44M,00:00.339,4800Mc
397341.extern,extern,,,COMPLETED,80,00:01:32,0,00:00.001,4800Mc
397341.0,python3,,,COMPLETED,80,00:01:30,682.62M,01:24.129,4800Mc
397342,Q06S90P01DaCUS,dgoncalves,hmem1,COMPLETED,80,00:01:38,,01:31.833,4800Mc
397342.batch,batch,,,COMPLETED,80,00:01:38,4.43M,00:00.325,4800Mc
397342.extern,extern,,,COMPLETED,80,00:01:39,0,00:00.001,4800Mc
397342.0,python3,,,COMPLETED,80,00:01:37,706.61M,01:31.506,4800Mc
397343,Q06S95P01DaCUS,dgoncalves,hmem1,COMPLETED,80,00:01:41,,01:34.362,4800Mc
397343.batch,batch,,,COMPLETED,80,00:01:41,4.43M,00:00.334,4800Mc
397343.extern,extern,,,COMPLETED,80,00:01:41,0,00:00.001,4800Mc
397343.0,python3,,,COMPLETED,80,00:01:39,729.09M,01:34.027,4800Mc
397344,Q06S100P01DaCUS,dgoncalves,hmem1,COMPLETED,80,00:01:45,,01:38.854,4800Mc
397344.batch,batch,,,COMPLETED,80,00:01:45,4.43M,00:00.327,4800Mc
397344.extern,extern,,,COMPLETED,80,00:01:45,0,00:00:00,4800Mc
397344.0,python3,,,COMPLETED,80,00:01:43,815.16M,01:38.525,4800Mc
397345,Q06S105P01DaCUS,dgoncalves,hmem1,COMPLETED,80,00:01:50,,01:45.045,4800Mc
397345.batch,batch,,,COMPLETED,80,00:01:50,4.43M,00:00.346,4800Mc
397345.extern,extern,,,COMPLETED,80,00:01:51,0,00:00.001,4800Mc
397345.0,python3,,,COMPLETED,80,00:01:49,824.26M,01:44.697,4800Mc
397346,Q06S110P01DaCUS,dgoncalves,hmem1,COMPLETED,80,00:01:59,,01:52.731,4800Mc
397346.batch,batch,,,COMPLETED,80,00:01:59,4.44M,00:00.337,4800Mc
397346.extern,extern,,,COMPLETED,80,00:01:59,0,00:00.001,4800Mc
397346.0,python3,,,COMPLETED,80,00:01:58,852.91M,01:52.392,4800Mc
397347,Q06S115P01DaCUS,dgoncalves,hmem1,COMPLETED,80,00:02:00,,01:53.297,4800Mc
397347.batch,batch,,,COMPLETED,80,00:02:00,4.43M,00:00.340,4800Mc
397347.extern,extern,,,COMPLETED,80,00:02:00,0,00:00:00,4800Mc
397347.0,python3,,,COMPLETED,80,00:01:58,868.20M,01:52.956,4800Mc
397348,Q06S120P01DaCUS,dgoncalves,hmem1,COMPLETED,80,00:02:06,,01:59.593,4800Mc
397348.batch,batch,,,COMPLETED,80,00:02:06,4.43M,00:00.328,4800Mc
397348.extern,extern,,,COMPLETED,80,00:02:06,0,00:00.001,4800Mc
397348.0,python3,,,COMPLETED,80,00:02:04,1344.88M,01:59.263,4800Mc
397349,Q06S125P01DaCUS,dgoncalves,hmem1,COMPLETED,80,00:02:11,,02:03.768,4800Mc
397349.batch,batch,,,COMPLETED,80,00:02:11,4.44M,00:00.340,4800Mc
397349.extern,extern,,,COMPLETED,80,00:02:11,0,00:00.001,4800Mc
397349.0,python3,,,COMPLETED,80,00:02:09,958.48M,02:03.426,4800Mc
397350,Q06S130P01DaCUS,dgoncalves,hmem1,COMPLETED,80,00:02:16,,02:09.041,4800Mc
397350.batch,batch,,,COMPLETED,80,00:02:16,4.43M,00:00.336,4800Mc
397350.extern,extern,,,COMPLETED,80,00:02:16,0,00:00.001,4800Mc
397350.0,python3,,,COMPLETED,80,00:02:14,974.83M,02:08.703,4800Mc
397351,Q06S135P01DaCUS,dgoncalves,hmem1,COMPLETED,80,00:02:19,,02:13.153,4800Mc
397351.batch,batch,,,COMPLETED,80,00:02:19,4.43M,00:00.333,4800Mc
397351.extern,extern,,,COMPLETED,80,00:02:19,0,00:00.001,4800Mc
397351.0,python3,,,COMPLETED,80,00:02:17,1001.86M,02:12.818,4800Mc
397352,Q06S140P01DaCUS,dgoncalves,hmem1,COMPLETED,80,00:02:24,,02:16.957,4800Mc
397352.batch,batch,,,COMPLETED,80,00:02:24,4.43M,00:00.348,4800Mc
397352.extern,extern,,,COMPLETED,80,00:02:24,0,00:00.001,4800Mc
397352.0,python3,,,COMPLETED,80,00:02:23,1050.53M,02:16.608,4800Mc
397353,Q06S145P01DaCUS,dgoncalves,hmem1,COMPLETED,80,00:02:34,,02:27.878,4800Mc
397353.batch,batch,,,COMPLETED,80,00:02:34,4.43M,00:00.335,4800Mc
397353.extern,extern,,,COMPLETED,80,00:02:34,0,00:00.001,4800Mc
397353.0,python3,,,COMPLETED,80,00:02:32,1912.03M,02:27.541,4800Mc
397354,Q06S150P01DaCUS,dgoncalves,hmem1,COMPLETED,80,00:02:37,,02:31.531,4800Mc
397354.batch,batch,,,COMPLETED,80,00:02:37,4.43M,00:00.352,4800Mc
397354.extern,extern,,,COMPLETED,80,00:02:37,0,00:00.001,4800Mc
397354.0,python3,,,COMPLETED,80,00:02:36,1621.14M,02:31.177,4800Mc
397355,Q06S155P01DaCUS,dgoncalves,hmem1,COMPLETED,80,00:02:40,,02:32.475,4800Mc
397355.batch,batch,,,COMPLETED,80,00:02:40,4.43M,00:00.339,4800Mc
397355.extern,extern,,,COMPLETED,80,00:02:40,0,00:00.001,4800Mc
397355.0,python3,,,COMPLETED,80,00:02:38,1268.73M,02:32.135,4800Mc
397356,Q06S160P01DaCUS,dgoncalves,hmem1,COMPLETED,80,00:02:45,,02:38.281,4800Mc
397356.batch,batch,,,COMPLETED,80,00:02:45,4.43M,00:00.340,4800Mc
397356.extern,extern,,,COMPLETED,80,00:02:45,0,00:00.001,4800Mc
397356.0,python3,,,COMPLETED,80,00:02:44,1177.12M,02:37.939,4800Mc
397357,Q06S165P01DaCUS,dgoncalves,hmem1,COMPLETED,80,00:02:49,,02:42.639,4800Mc
397357.batch,batch,,,COMPLETED,80,00:02:49,4.43M,00:00.345,4800Mc
397357.extern,extern,,,COMPLETED,80,00:02:49,0,00:00.001,4800Mc
397357.0,python3,,,COMPLETED,80,00:02:48,1231.71M,02:42.292,4800Mc
397358,Q06S170P01DaCUS,dgoncalves,hmem1,COMPLETED,80,00:02:54,,02:47.479,4800Mc
397358.batch,batch,,,COMPLETED,80,00:02:54,4.44M,00:00.343,4800Mc
397358.extern,extern,,,COMPLETED,80,00:02:54,0,00:00.001,4800Mc
397358.0,python3,,,COMPLETED,80,00:02:53,1250.62M,02:47.134,4800Mc
397359,Q06S175P01DaCUS,dgoncalves,hmem1,COMPLETED,80,00:02:59,,02:52.499,4800Mc
397359.batch,batch,,,COMPLETED,80,00:02:59,4.43M,00:00.332,4800Mc
397359.extern,extern,,,COMPLETED,80,00:02:59,0,00:00.001,4800Mc
397359.0,python3,,,COMPLETED,80,00:02:57,1271.95M,02:52.166,4800Mc
397360,Q06S180P01DaCUS,dgoncalves,hmem1,COMPLETED,80,00:03:05,,02:58.146,4800Mc
397360.batch,batch,,,COMPLETED,80,00:03:05,4.43M,00:00.341,4800Mc
397360.extern,extern,,,COMPLETED,80,00:03:05,0,00:00.001,4800Mc
397360.0,python3,,,COMPLETED,80,00:03:03,1732.34M,02:57.803,4800Mc
397361,Q06S185P01DaCUS,dgoncalves,hmem1,COMPLETED,80,00:03:11,,03:04.894,4800Mc
397361.batch,batch,,,COMPLETED,80,00:03:11,4.43M,00:00.338,4800Mc
397361.extern,extern,,,COMPLETED,80,00:03:12,0,00:00.001,4800Mc
397361.0,python3,,,COMPLETED,80,00:03:10,1428.99M,03:04.555,4800Mc
397362,Q06S190P01DaCUS,dgoncalves,hmem1,COMPLETED,80,00:03:14,,03:06.891,4800Mc
397362.batch,batch,,,COMPLETED,80,00:03:14,4.43M,00:00.336,4800Mc
397362.extern,extern,,,COMPLETED,80,00:03:14,0,00:00.001,4800Mc
397362.0,python3,,,COMPLETED,80,00:03:12,1386.86M,03:06.554,4800Mc
397363,Q06S195P01DaCUS,dgoncalves,hmem1,COMPLETED,80,00:03:18,,03:11.614,4800Mc
397363.batch,batch,,,COMPLETED,80,00:03:18,4.43M,00:00.347,4800Mc
397363.extern,extern,,,COMPLETED,80,00:03:19,0,00:00.001,4800Mc
397363.0,python3,,,COMPLETED,80,00:03:17,1374.67M,03:11.266,4800Mc
397364,Q06S200P01DaCUS,dgoncalves,hmem1,COMPLETED,80,00:03:26,,03:19.117,4800Mc
397364.batch,batch,,,COMPLETED,80,00:03:26,4.43M,00:00.344,4800Mc
397364.extern,extern,,,COMPLETED,80,00:03:26,0,00:00.001,4800Mc
397364.0,python3,,,COMPLETED,80,00:03:24,1449.17M,03:18.771,4800Mc
397365,Q06S205P01DaCUS,dgoncalves,hmem1,COMPLETED,80,00:03:30,,03:22.540,4800Mc
397365.batch,batch,,,COMPLETED,80,00:03:30,4.43M,00:00.333,4800Mc
397365.extern,extern,,,COMPLETED,80,00:03:30,0,00:00.001,4800Mc
397365.0,python3,,,COMPLETED,80,00:03:28,1477.38M,03:22.205,4800Mc
397366,Q06S210P01DaCUS,dgoncalves,hmem1,COMPLETED,80,00:03:35,,03:28.432,4800Mc
397366.batch,batch,,,COMPLETED,80,00:03:35,4.43M,00:00.338,4800Mc
397366.extern,extern,,,COMPLETED,80,00:03:35,0,00:00.001,4800Mc
397366.0,python3,,,COMPLETED,80,00:03:34,4828.72M,03:28.093,4800Mc
397367,Q06S215P01DaCUS,dgoncalves,hmem1,COMPLETED,80,00:03:37,,03:30.099,4800Mc
397367.batch,batch,,,COMPLETED,80,00:03:37,4.43M,00:00.364,4800Mc
397367.extern,extern,,,COMPLETED,80,00:03:37,0,00:00.001,4800Mc
397367.0,python3,,,COMPLETED,80,00:03:36,4003.35M,03:29.733,4800Mc
397368,Q06S220P01DaCUS,dgoncalves,hmem1,COMPLETED,80,00:03:40,,03:34.484,4800Mc
397368.batch,batch,,,COMPLETED,80,00:03:40,4.43M,00:00.330,4800Mc
397368.extern,extern,,,COMPLETED,80,00:03:40,0,00:00.001,4800Mc
397368.0,python3,,,COMPLETED,80,00:03:39,2207.62M,03:34.152,4800Mc
397369,Q06S225P01DaCUS,dgoncalves,hmem1,COMPLETED,80,00:03:47,,03:40.459,4800Mc
397369.batch,batch,,,COMPLETED,80,00:03:47,4.43M,00:00.327,4800Mc
397369.extern,extern,,,COMPLETED,80,00:03:47,0,00:00.001,4800Mc
397369.0,python3,,,COMPLETED,80,00:03:45,1560.67M,03:40.130,4800Mc
397370,Q06S230P01DaCUS,dgoncalves,hmem1,COMPLETED,80,00:03:55,,03:48.449,4800Mc
397370.batch,batch,,,COMPLETED,80,00:03:55,4.43M,00:00.340,4800Mc
397370.extern,extern,,,COMPLETED,80,00:03:55,0,00:00.001,4800Mc
397370.0,python3,,,COMPLETED,80,00:03:54,1643.42M,03:48.107,4800Mc
397371,Q06S235P01DaCUS,dgoncalves,hmem1,COMPLETED,80,00:03:57,,03:50.409,4800Mc
397371.batch,batch,,,COMPLETED,80,00:03:57,4.43M,00:00.330,4800Mc
397371.extern,extern,,,COMPLETED,80,00:03:57,0,00:00.001,4800Mc
397371.0,python3,,,COMPLETED,80,00:03:55,1672.21M,03:50.078,4800Mc
397372,Q06S240P01DaCUS,dgoncalves,hmem1,COMPLETED,80,00:04:05,,04:00.161,4800Mc
397372.batch,batch,,,COMPLETED,80,00:04:05,4.43M,00:00.331,4800Mc
397372.extern,extern,,,COMPLETED,80,00:04:06,0,00:00:00,4800Mc
397372.0,python3,,,COMPLETED,80,00:04:04,3873.82M,03:59.828,4800Mc
397373,Q06S245P01DaCUS,dgoncalves,hmem1,COMPLETED,80,00:04:06,,03:59.461,4800Mc
397373.batch,batch,,,COMPLETED,80,00:04:06,4.43M,00:00.338,4800Mc
397373.extern,extern,,,COMPLETED,80,00:04:06,0,00:00.001,4800Mc
397373.0,python3,,,COMPLETED,80,00:04:04,5604.59M,03:59.121,4800Mc
397374,Q06S250P01DaCUS,dgoncalves,hmem1,COMPLETED,80,00:04:24,,04:17.914,4800Mc
397374.batch,batch,,,COMPLETED,80,00:04:24,4.43M,00:00.338,4800Mc
397374.extern,extern,,,COMPLETED,80,00:04:24,0,00:00.001,4800Mc
397374.0,python3,,,COMPLETED,80,00:04:22,1764.28M,04:17.575,4800Mc
397375,Q06S255P01DaCUS,dgoncalves,hmem1,COMPLETED,80,00:04:18,,04:12.045,4800Mc
397375.batch,batch,,,COMPLETED,80,00:04:18,4.43M,00:00.331,4800Mc
397375.extern,extern,,,COMPLETED,80,00:04:18,0,00:00.001,4800Mc
397375.0,python3,,,COMPLETED,80,00:04:16,1811.69M,04:11.713,4800Mc
397376,Q06S260P01DaCUS,dgoncalves,hmem1,COMPLETED,80,00:04:22,,04:16.014,4800Mc
397376.batch,batch,,,COMPLETED,80,00:04:22,4.43M,00:00.340,4800Mc
397376.extern,extern,,,COMPLETED,80,00:04:22,0,00:00.001,4800Mc
397376.0,python3,,,COMPLETED,80,00:04:21,1842.95M,04:15.673,4800Mc
397377,Q06S265P01DaCUS,dgoncalves,hmem1,COMPLETED,80,00:04:26,,04:19.553,4800Mc
397377.batch,batch,,,COMPLETED,80,00:04:26,4.43M,00:00.332,4800Mc
397377.extern,extern,,,COMPLETED,80,00:04:26,0,00:00.001,4800Mc
397377.0,python3,,,COMPLETED,80,00:04:24,1824.36M,04:19.219,4800Mc
397378,Q06S270P01DaCUS,dgoncalves,hmem1,COMPLETED,80,00:04:39,,04:33.227,4800Mc
397378.batch,batch,,,COMPLETED,80,00:04:39,4.44M,00:00.326,4800Mc
397378.extern,extern,,,COMPLETED,80,00:04:39,0,00:00:00,4800Mc
397378.0,python3,,,COMPLETED,80,00:04:38,2912.87M,04:32.899,4800Mc
397379,Q06S275P01DaCUS,dgoncalves,hmem1,COMPLETED,80,00:04:42,,04:33.935,4800Mc
397379.batch,batch,,,COMPLETED,80,00:04:42,4.43M,00:00.338,4800Mc
397379.extern,extern,,,COMPLETED,80,00:04:42,0,00:00.001,4800Mc
397379.0,python3,,,COMPLETED,80,00:04:40,2828.15M,04:33.596,4800Mc
397380,Q06S280P01DaCUS,dgoncalves,hmem1,COMPLETED,80,00:04:40,,04:33.371,4800Mc
397380.batch,batch,,,COMPLETED,80,00:04:40,4.43M,00:00.334,4800Mc
397380.extern,extern,,,COMPLETED,80,00:04:40,0,00:00.001,4800Mc
397380.0,python3,,,COMPLETED,80,00:04:38,3599.32M,04:33.036,4800Mc
397381,Q06S285P01DaCUS,dgoncalves,hmem1,COMPLETED,80,00:04:45,,04:38.260,4800Mc
397381.batch,batch,,,COMPLETED,80,00:04:45,4.43M,00:00.336,4800Mc
397381.extern,extern,,,COMPLETED,80,00:04:45,0,00:00.001,4800Mc
397381.0,python3,,,COMPLETED,80,00:04:44,2398.12M,04:37.922,4800Mc
397382,Q06S290P01DaCUS,dgoncalves,hmem1,COMPLETED,80,00:04:52,,04:45.954,4800Mc
397382.batch,batch,,,COMPLETED,80,00:04:52,4.43M,00:00.335,4800Mc
397382.extern,extern,,,COMPLETED,80,00:04:52,0,00:00.001,4800Mc
397382.0,python3,,,COMPLETED,80,00:04:50,2043.71M,04:45.617,4800Mc
397383,Q06S295P01DaCUS,dgoncalves,hmem1,COMPLETED,80,00:05:02,,04:55.845,4800Mc
397383.batch,batch,,,COMPLETED,80,00:05:02,4.43M,00:00.337,4800Mc
397383.extern,extern,,,COMPLETED,80,00:05:02,0,00:00.001,4800Mc
397383.0,python3,,,COMPLETED,80,00:05:00,2076.80M,04:55.506,4800Mc
397414,Q12S05P01DsCUS,dgoncalves,hmem1,COMPLETED,80,00:16:36,,16:25.391,4700Mc
397414.batch,batch,,,COMPLETED,80,00:16:36,4.54M,00:00.337,4700Mc
397414.extern,extern,,,COMPLETED,80,00:16:36,0,00:00.001,4700Mc
397414.0,python3,,,COMPLETED,80,00:16:35,23861.12M,16:25.052,4700Mc
397415,Q12S205P01DsCUS,dgoncalves,hmem1,FAILED,80,05:14:56,,05:14:46,4700Mc
397415.batch,batch,,,FAILED,80,05:14:56,4.43M,00:00.358,4700Mc
397415.extern,extern,,,COMPLETED,80,05:14:56,0,00:00.001,4700Mc
397415.0,python3,,,CANCELLED,80,05:14:55,240083.04M,05:14:46,4700Mc
397416,Q12S405P01DsCUS,dgoncalves,hmem1,FAILED,80,06:33:10,,06:32:26,4700Mc
397416.batch,batch,,,FAILED,80,06:33:10,4.43M,00:00.390,4700Mc
397416.extern,extern,,,COMPLETED,80,06:33:10,0,00:00.001,4700Mc
397416.0,python3,,,CANCELLED,80,06:33:06,351389.75M,06:32:26,4700Mc
397417,Q12S605P01DsCUS,dgoncalves,hmem1,FAILED,80,04:49:01,,04:48:44,4700Mc
397417.batch,batch,,,FAILED,80,04:49:01,4.43M,00:00.365,4700Mc
397417.extern,extern,,,COMPLETED,80,04:49:01,0,00:00:00,4700Mc
397417.0,python3,,,CANCELLED,80,04:48:59,221578.16M,04:48:44,4700Mc
397418,Q12S805P01DsCUS,dgoncalves,hmem1,FAILED,80,08:32:40,,08:32:22,4700Mc
397418.batch,batch,,,FAILED,80,08:32:40,4.43M,00:00.353,4700Mc
397418.extern,extern,,,COMPLETED,80,08:32:40,0,00:00:00,4700Mc
397418.0,python3,,,CANCELLED,80,08:32:38,375568.61M,08:32:22,4700Mc
397419,Q12S1005P01DsCUS,dgoncalves,hmem1,FAILED,80,02:02:24,,02:01:18,4700Mc
397419.batch,batch,,,FAILED,80,02:02:24,4.44M,00:00.349,4700Mc
397419.extern,extern,,,COMPLETED,80,02:02:24,0,00:00.001,4700Mc
397419.0,python3,,,CANCELLED,80,02:02:23,120031.26M,02:01:18,4700Mc
397420,Q12S1205P01DsCUS,dgoncalves,hmem1,FAILED,80,02:13:42,,02:13:23,4700Mc
397420.batch,batch,,,FAILED,80,02:13:42,4.43M,00:00.342,4700Mc
397420.extern,extern,,,COMPLETED,80,02:13:42,0,00:00.001,4700Mc
397420.0,python3,,,CANCELLED,80,02:13:41,136270.02M,02:13:23,4700Mc
397421,Q12S1405P01DsCUS,dgoncalves,hmem1,FAILED,80,01:22:04,,01:21:33,4700Mc
397421.batch,batch,,,FAILED,80,01:22:04,4.43M,00:00.374,4700Mc
397421.extern,extern,,,COMPLETED,80,01:22:04,0,00:00.001,4700Mc
397421.0,python3,,,CANCELLED,80,01:22:02,100286.77M,01:21:32,4700Mc
397422,Q12S1605P01DsCUS,dgoncalves,hmem1,FAILED,80,04:55:26,,04:54:10,4700Mc
397422.batch,batch,,,FAILED,80,04:55:26,4.43M,00:00.400,4700Mc
397422.extern,extern,,,COMPLETED,80,04:55:26,0,00:00.001,4700Mc
397422.0,python3,,,CANCELLED,80,04:55:23,255127.93M,04:54:10,4700Mc
397423,Q12S1805P01DsCUS,dgoncalves,hmem1,FAILED,80,07:22:42,,07:22:28,4700Mc
397423.batch,batch,,,FAILED,80,07:22:42,4.50M,00:00.321,4700Mc
397423.extern,extern,,,COMPLETED,80,07:22:42,0,00:00.001,4700Mc
397423.0,python3,,,CANCELLED,80,07:22:41,373942.36M,07:22:28,4700Mc
397424,Q12S2005P01DsCUS,dgoncalves,hmem1,FAILED,80,07:21:47,,07:21:30,4700Mc
397424.batch,batch,,,FAILED,80,07:21:47,4.43M,00:00.340,4700Mc
397424.extern,extern,,,COMPLETED,80,07:21:47,0,00:00.001,4700Mc
397424.0,python3,,,CANCELLED,80,07:21:45,375026.98M,07:21:30,4700Mc
397425,Q12S2205P01DsCUS,dgoncalves,hmem1,FAILED,80,02:10:08,,02:06:51,4700Mc
397425.batch,batch,,,FAILED,80,02:10:08,4.43M,00:00.341,4700Mc
397425.extern,extern,,,COMPLETED,80,02:10:08,0,00:00:00,4700Mc
397425.0,python3,,,CANCELLED,80,02:10:06,157330.10M,02:06:50,4700Mc
397426,Q12S2405P01DsCUS,dgoncalves,hmem1,FAILED,80,06:55:38,,06:55:23,4700Mc
397426.batch,batch,,,FAILED,80,06:55:38,4.48M,00:00.334,4700Mc
397426.extern,extern,,,COMPLETED,80,06:55:38,0,00:00.001,4700Mc
397426.0,python3,,,CANCELLED,80,06:55:36,375266.93M,06:55:22,4700Mc
397427,Q12S2605P01DsCUS,dgoncalves,hmem1,FAILED,80,06:49:52,,06:49:14,4700Mc
397427.batch,batch,,,FAILED,80,06:49:52,4.43M,00:00.387,4700Mc
397427.extern,extern,,,COMPLETED,80,06:49:52,0,00:00:00,4700Mc
397427.0,python3,,,CANCELLED,80,06:49:47,360288.39M,06:49:14,4700Mc
397428,Q12S2805P01DsCUS,dgoncalves,hmem1,FAILED,80,06:56:29,,06:52:55,4700Mc
397428.batch,batch,,,FAILED,80,06:56:29,4.43M,00:00.342,4700Mc
397428.extern,extern,,,COMPLETED,80,06:56:29,0,00:00.001,4700Mc
397428.0,python3,,,CANCELLED,80,06:56:27,374395.88M,06:52:55,4700Mc
397429,Q12S3005P01DsCUS,dgoncalves,hmem1,FAILED,80,06:42:47,,06:41:36,4700Mc
397429.batch,batch,,,FAILED,80,06:42:47,4.43M,00:00.339,4700Mc
397429.extern,extern,,,COMPLETED,80,06:42:48,0,00:00.001,4700Mc
397429.0,python3,,,CANCELLED,80,06:42:46,375324.14M,06:41:36,4700Mc
397430,Q12S3205P01DsCUS,dgoncalves,hmem1,FAILED,80,06:45:02,,06:42:48,4700Mc
397430.batch,batch,,,FAILED,80,06:45:02,4.48M,00:00.341,4700Mc
397430.extern,extern,,,COMPLETED,80,06:45:02,0,00:00.001,4700Mc
397430.0,python3,,,CANCELLED,80,06:45:01,375582.58M,06:42:48,4700Mc
397431,Q12S3405P01DsCUS,dgoncalves,hmem1,FAILED,80,06:34:52,,06:34:25,4700Mc
397431.batch,batch,,,FAILED,80,06:34:52,4.43M,00:00.356,4700Mc
397431.extern,extern,,,COMPLETED,80,06:34:52,0,00:00:00,4700Mc
397431.0,python3,,,CANCELLED,80,06:34:50,372791.62M,06:34:25,4700Mc
397432,Q12S3605P01DsCUS,dgoncalves,hmem1,FAILED,80,02:10:24,,02:10:14,4700Mc
397432.batch,batch,,,FAILED,80,02:10:24,4.43M,00:00.352,4700Mc
397432.extern,extern,,,COMPLETED,80,02:10:24,0,00:00.001,4700Mc
397432.0,python3,,,CANCELLED,80,02:10:22,156679.13M,02:10:14,4700Mc
397433,Q12S3805P01DsCUS,dgoncalves,hmem1,FAILED,80,06:20:49,,06:18:24,4700Mc
397433.batch,batch,,,FAILED,80,06:20:49,4.43M,00:00.397,4700Mc
397433.extern,extern,,,COMPLETED,80,06:20:49,0,00:00:00,4700Mc
397433.0,python3,,,CANCELLED,80,06:20:46,374132.98M,06:18:24,4700Mc
397434,Q12S4005P01DsCUS,dgoncalves,hmem1,FAILED,80,06:29:36,,06:16:37,4700Mc
397434.batch,batch,,,FAILED,80,06:29:36,4.43M,00:00.352,4700Mc
397434.extern,extern,,,COMPLETED,80,06:29:36,0,00:00.001,4700Mc
397434.0,python3,,,CANCELLED,80,06:29:34,373309.68M,06:16:36,4700Mc
397435,Q12S4205P01DsCUS,dgoncalves,hmem1,FAILED,80,06:11:35,,06:07:42,4700Mc
397435.batch,batch,,,FAILED,80,06:11:35,4.43M,00:00.396,4700Mc
397435.extern,extern,,,COMPLETED,80,06:11:35,0,00:00:00,4700Mc
397435.0,python3,,,CANCELLED,80,06:11:31,374146.97M,06:07:41,4700Mc
397436,Q12S4405P01DsCUS,dgoncalves,hmem1,FAILED,80,05:58:35,,05:58:12,4700Mc
397436.batch,batch,,,FAILED,80,05:58:35,4.44M,00:00.352,4700Mc
397436.extern,extern,,,COMPLETED,80,05:58:35,0,00:00.001,4700Mc
397436.0,python3,,,CANCELLED,80,05:58:34,371900.88M,05:58:12,4700Mc
397437,Q12S4605P01DsCUS,dgoncalves,hmem1,FAILED,80,05:53:48,,05:50:53,4700Mc
397437.batch,batch,,,FAILED,80,05:53:48,4.43M,00:00.365,4700Mc
397437.extern,extern,,,COMPLETED,80,05:53:48,0,00:00.001,4700Mc
397437.0,python3,,,CANCELLED,80,05:53:45,374329.99M,05:50:53,4700Mc
397438,Q12S4805P01DsCUS,dgoncalves,hmem1,FAILED,80,02:10:26,,02:10:17,4700Mc
397438.batch,batch,,,FAILED,80,02:10:26,4.44M,00:00.332,4700Mc
397438.extern,extern,,,COMPLETED,80,02:10:26,0,00:00:00,4700Mc
397438.0,python3,,,CANCELLED,80,02:10:24,158563.04M,02:10:16,4700Mc
397439,Q12S5005P01DsCUS,dgoncalves,hmem1,CANCELLED by 383200393,80,03:39:00,,03:39:06,4700Mc
397439.batch,batch,,,CANCELLED,80,03:39:12,4.43M,00:00.313,4700Mc
397439.extern,extern,,,COMPLETED,80,03:39:12,0,00:00:00,4700Mc
397439.0,python3,,,CANCELLED,80,03:39:14,268596.04M,03:39:05,4700Mc
397440,Q12S5205P01DsCUS,dgoncalves,hmem1,CANCELLED by 383200393,80,02:08:06,,02:08:05,4700Mc
397440.batch,batch,,,CANCELLED,80,02:08:16,4.43M,00:00.330,4700Mc
397440.extern,extern,,,COMPLETED,80,02:08:14,0,00:00.001,4700Mc
397440.0,python3,,,CANCELLED,80,02:08:14,149916.47M,02:08:05,4700Mc
397441,Q12S5405P01DsCUS,dgoncalves,hmem1,CANCELLED by 383200393,80,00:00:00,,00:00:00,4700Mc
397442,Q12S5605P01DsCUS,dgoncalves,hmem1,CANCELLED by 383200393,80,00:00:00,,00:00:00,4700Mc
397443,Q12S5805P01DsCUS,dgoncalves,hmem1,CANCELLED by 383200393,80,00:00:00,,00:00:00,4700Mc
397444,Q12S6005P01DsCUS,dgoncalves,hmem1,CANCELLED by 383200393,80,00:00:00,,00:00:00,4700Mc
397445,Q12S6205P01DsCUS,dgoncalves,hmem1,CANCELLED by 383200393,80,00:00:00,,00:00:00,4700Mc
397446,Q12S6405P01DsCUS,dgoncalves,hmem1,CANCELLED by 383200393,80,00:00:00,,00:00:00,4700Mc
397447,Q12S6605P01DsCUS,dgoncalves,hmem1,CANCELLED by 383200393,80,00:00:00,,00:00:00,4700Mc
397448,Q12S6805P01DsCUS,dgoncalves,hmem1,CANCELLED by 383200393,80,00:00:00,,00:00:00,4700Mc
397449,Q12S7005P01DsCUS,dgoncalves,hmem1,CANCELLED by 383200393,80,00:00:00,,00:00:00,4700Mc
397450,Q12S7205P01DsCUS,dgoncalves,hmem1,CANCELLED by 383200393,80,00:00:00,,00:00:00,4700Mc
397451,Q12S7405P01DsCUS,dgoncalves,hmem1,CANCELLED by 383200393,80,00:00:00,,00:00:00,4700Mc
397452,Q12S7605P01DsCUS,dgoncalves,hmem1,CANCELLED by 383200393,80,00:00:00,,00:00:00,4700Mc
397453,Q12S7805P01DsCUS,dgoncalves,hmem1,CANCELLED by 383200393,80,00:00:00,,00:00:00,4700Mc
397454,Q12S8005P01DsCUS,dgoncalves,hmem1,CANCELLED by 383200393,80,00:00:00,,00:00:00,4700Mc
397455,Q12S8205P01DsCUS,dgoncalves,hmem1,CANCELLED by 383200393,80,00:00:00,,00:00:00,4700Mc
397456,Q12S8405P01DsCUS,dgoncalves,hmem1,CANCELLED by 383200393,80,00:00:00,,00:00:00,4700Mc
397457,Q12S8605P01DsCUS,dgoncalves,hmem1,CANCELLED by 383200393,80,00:00:00,,00:00:00,4700Mc
397458,Q12S8805P01DsCUS,dgoncalves,hmem1,CANCELLED by 383200393,80,00:00:00,,00:00:00,4700Mc
397459,Q12S9005P01DsCUS,dgoncalves,hmem1,CANCELLED by 383200393,80,00:00:00,,00:00:00,4700Mc
397460,Q12S9205P01DsCUS,dgoncalves,hmem1,CANCELLED by 383200393,80,00:00:00,,00:00:00,4700Mc
397461,Q12S9405P01DsCUS,dgoncalves,hmem1,CANCELLED by 383200393,80,00:00:00,,00:00:00,4700Mc
397462,Q12S9605P01DsCUS,dgoncalves,hmem1,CANCELLED by 383200393,80,00:00:00,,00:00:00,4700Mc
397463,Q12S9805P01DsCUS,dgoncalves,hmem1,CANCELLED by 383200393,80,00:00:00,,00:00:00,4700Mc
397464,Q12S10005P01DsCUS,dgoncalves,hmem1,CANCELLED by 383200393,80,00:00:00,,00:00:00,4700Mc
397465,Q12S10205P01DsCUS,dgoncalves,hmem1,CANCELLED by 383200393,80,00:00:00,,00:00:00,4700Mc
397466,Q12S10405P01DsCUS,dgoncalves,hmem1,CANCELLED by 383200393,80,00:00:00,,00:00:00,4700Mc
397467,Q12S10605P01DsCUS,dgoncalves,hmem1,CANCELLED by 383200393,80,00:00:00,,00:00:00,4700Mc
397468,Q12S10805P01DsCUS,dgoncalves,hmem1,CANCELLED by 383200393,80,00:00:00,,00:00:00,4700Mc
397469,Q12S11005P01DsCUS,dgoncalves,hmem1,CANCELLED by 383200393,80,00:00:00,,00:00:00,4700Mc
397470,Q12S11205P01DsCUS,dgoncalves,hmem1,CANCELLED by 383200393,80,00:00:00,,00:00:00,4700Mc
397471,Q12S11405P01DsCUS,dgoncalves,hmem1,CANCELLED by 383200393,80,00:00:00,,00:00:00,4700Mc
397472,Q12S11605P01DsCUS,dgoncalves,hmem1,CANCELLED by 383200393,80,00:00:00,,00:00:00,4700Mc
397473,Q12S11805P01DsCUS,dgoncalves,hmem1,CANCELLED by 383200393,80,00:00:00,,00:00:00,4700Mc
397474,Q12S12005P01DsCUS,dgoncalves,hmem1,CANCELLED by 383200393,80,00:00:00,,00:00:00,4700Mc
397475,Q12S12205P01DsCUS,dgoncalves,hmem1,CANCELLED by 383200393,80,00:00:00,,00:00:00,4700Mc
397476,Q12S12405P01DsCUS,dgoncalves,hmem1,CANCELLED by 383200393,80,00:00:00,,00:00:00,4700Mc
397477,Q12S12605P01DsCUS,dgoncalves,hmem1,CANCELLED by 383200393,80,00:00:00,,00:00:00,4700Mc
397478,Q12S12805P01DsCUS,dgoncalves,hmem1,CANCELLED by 383200393,80,00:00:00,,00:00:00,4700Mc
397479,Q12S13005P01DsCUS,dgoncalves,hmem1,CANCELLED by 383200393,80,00:00:00,,00:00:00,4700Mc
397480,Q12S13205P01DsCUS,dgoncalves,hmem1,CANCELLED by 383200393,80,00:00:00,,00:00:00,4700Mc
397481,Q12S13405P01DsCUS,dgoncalves,hmem1,CANCELLED by 383200393,80,00:00:00,,00:00:00,4700Mc
397482,Q12S13605P01DsCUS,dgoncalves,hmem1,CANCELLED by 383200393,80,00:00:00,,00:00:00,4700Mc
397483,Q12S13805P01DsCUS,dgoncalves,hmem1,CANCELLED by 383200393,80,00:00:00,,00:00:00,4700Mc
397484,Q12S14005P01DsCUS,dgoncalves,hmem1,CANCELLED by 383200393,80,00:00:00,,00:00:00,4700Mc
397485,Q12S14205P01DsCUS,dgoncalves,hmem1,CANCELLED by 383200393,80,00:00:00,,00:00:00,4700Mc
397486,Q12S14405P01DsCUS,dgoncalves,hmem1,CANCELLED by 383200393,80,00:00:00,,00:00:00,4700Mc
397487,Q12S14605P01DsCUS,dgoncalves,hmem1,CANCELLED by 383200393,80,00:00:00,,00:00:00,4700Mc
397488,Q12S14805P01DsCUS,dgoncalves,hmem1,CANCELLED by 383200393,80,00:00:00,,00:00:00,4700Mc
397489,Q12S15005P01DsCUS,dgoncalves,hmem1,CANCELLED by 383200393,80,00:00:00,,00:00:00,4700Mc
397490,Q12S15205P01DsCUS,dgoncalves,hmem1,CANCELLED by 383200393,80,00:00:00,,00:00:00,4700Mc
397491,Q12S15405P01DsCUS,dgoncalves,hmem1,CANCELLED by 383200393,80,00:00:00,,00:00:00,4700Mc
397492,Q12S15605P01DsCUS,dgoncalves,hmem1,CANCELLED by 383200393,80,00:00:00,,00:00:00,4700Mc
397493,Q12S15805P01DsCUS,dgoncalves,hmem1,CANCELLED by 383200393,80,00:00:00,,00:00:00,4700Mc
406740,Q06S128P01DsCUM,dgoncalves,cpu2,OUT_OF_MEMORY,80,00:36:56,,02:51:45,1100Mc
406740.batch,batch,,,OUT_OF_MEMORY,80,00:36:56,4.45M,00:00.406,1100Mc
406740.extern,extern,,,OUT_OF_MEMORY,80,00:36:56,0,00:00.001,1100Mc
406740.0,python3,,,OUT_OF_MEMORY,80,00:36:53,76274.98M,02:51:45,1100Mc
406745,Q06S128P20DsCUM,dgoncalves,cpu2,OUT_OF_MEMORY,80,00:39:44,,02:54:21,1100Mc
406745.batch,batch,,,OUT_OF_MEMORY,80,00:39:44,4.45M,00:00.390,1100Mc
406745.extern,extern,,,OUT_OF_MEMORY,80,00:39:44,0,00:00.001,1100Mc
406745.0,python3,,,OUT_OF_MEMORY,80,00:39:41,85026.90M,02:54:20,1100Mc
406770,Q06S128P10DsCUM,dgoncalves,cpu2,FAILED,80,00:38:07,,02:53:26,1100Mc
406770.batch,batch,,,FAILED,80,00:38:07,4.45M,00:00.408,1100Mc
406770.extern,extern,,,COMPLETED,80,00:38:07,0,00:00.001,1100Mc
406770.0,python3,,,CANCELLED,80,00:38:05,75492.22M,02:53:25,1100Mc
409384,Q06S128P01DsCUM,dgoncalves,cpu2,OUT_OF_MEMORY,80,00:37:15,,02:49:56,1100Mc
409384.batch,batch,,,OUT_OF_MEMORY,80,00:37:15,4.45M,00:00.402,1100Mc
409384.extern,extern,,,OUT_OF_MEMORY,80,00:37:15,0,00:00.001,1100Mc
409384.0,python3,,,OUT_OF_MEMORY,80,00:37:11,85545.09M,02:49:56,1100Mc
409393,Q06S128P08DsCUM,dgoncalves,cpu2,FAILED,80,00:39:24,,02:54:18,1100Mc
409393.batch,batch,,,FAILED,80,00:39:24,4.45M,00:00.433,1100Mc
409393.extern,extern,,,COMPLETED,80,00:39:24,0,00:00.001,1100Mc
409393.0,python3,,,CANCELLED,80,00:39:22,76872.78M,02:54:18,1100Mc
409398,Q06S128P08DaCUM,dgoncalves,cpu2,OUT_OF_MEMORY,80,00:39:32,,02:55:14,1100Mc
409398.batch,batch,,,OUT_OF_MEMORY,80,00:39:32,4.45M,00:00.379,1100Mc
409398.extern,extern,,,OUT_OF_MEMORY,80,00:39:33,0,00:00.001,1100Mc
409398.0,python3,,,OUT_OF_MEMORY,80,00:39:31,75508.71M,02:55:14,1100Mc
409403,Q06S128P01DaCUM,dgoncalves,cpu2,FAILED,80,00:52:41,,03:06:13,1100Mc
409403.batch,batch,,,FAILED,80,00:52:41,4.45M,00:00.390,1100Mc
409403.extern,extern,,,COMPLETED,80,00:52:41,0,00:00.001,1100Mc
409403.0,python3,,,FAILED,80,00:52:39,78213.23M,03:06:12,1100Mc
409404,Q06S128P02DaCUM,dgoncalves,cpu2,OUT_OF_MEMORY,80,00:37:31,,02:53:11,1100Mc
409404.batch,batch,,,OUT_OF_MEMORY,80,00:37:31,4.45M,00:00.340,1100Mc
409404.extern,extern,,,OUT_OF_MEMORY,80,00:37:31,0,00:00.001,1100Mc
409404.0,python3,,,OUT_OF_MEMORY,80,00:37:30,75428.27M,02:53:10,1100Mc
